id,ticker,trade_date,open,high,low,close,volume,daily_return
1,AAL,2013-02-08,15.070000,15.120000,14.630000,14.750000,8407500,NULL
2,AAL,2013-02-11,14.890000,15.010000,14.260000,14.460000,8882000,-0.0196610169491524
3,AAL,2013-02-12,14.450000,14.510000,14.100000,14.270000,8126000,-0.0131396957123098
4,AAL,2013-02-13,14.300000,14.940000,14.250000,14.660000,10259500,0.0273300630693764
5,AAL,2013-02-14,14.940000,14.960000,13.160000,13.990000,31879900,-0.0457025920873124
6,AAL,2013-02-15,13.930000,14.610000,13.930000,14.500000,15628000,0.0364546104360257
7,AAL,2013-02-19,14.330000,14.560000,14.080000,14.260000,11354400,-0.016551724137931
8,AAL,2013-02-20,14.170000,14.260000,13.150000,13.330000,14725200,-0.0652173913043477
9,AAL,2013-02-21,13.620000,13.950000,12.900000,13.370000,11922100,0.0030007501875468
10,AAL,2013-02-22,13.570000,13.600000,13.210000,13.570000,6071400,0.0149588631264023
11,AAL,2013-02-25,13.600000,13.760000,13.000000,13.020000,7186400,-0.0405305821665439
12,AAL,2013-02-26,13.140000,13.420000,12.700000,13.260000,9419000,0.0184331797235022
13,AAL,2013-02-27,13.280000,13.620000,13.180000,13.410000,7390500,0.01131221719457
14,AAL,2013-02-28,13.490000,13.630000,13.390000,13.430000,6143600,0.0014914243102162
15,AAL,2013-03-01,13.370000,13.950000,13.320000,13.610000,7376800,0.0134028294862249
16,AAL,2013-03-04,13.500000,14.070000,13.470000,13.900000,8174800,0.0213078618662747
17,AAL,2013-03-05,14.010000,14.050000,13.710000,14.050000,7676100,0.0107913669064747
18,AAL,2013-03-06,14.520000,14.680000,14.250000,14.570000,13243200,0.0370106761565836
19,AAL,2013-03-07,14.700000,14.930000,14.500000,14.820000,9125300,0.0171585449553877
20,AAL,2013-03-08,14.990000,15.200000,14.840000,14.920000,10593700,0.0067476383265856
21,AAL,2013-03-11,14.850000,15.150000,14.710000,15.130000,6961800,0.0140750670241287
22,AAL,2013-03-12,15.140000,15.600000,14.950000,15.500000,8999100,0.0244547257105087
23,AAL,2013-03-13,15.540000,16.200000,15.480000,15.910000,11380000,0.0264516129032257
24,AAL,2013-03-14,15.980000,16.360000,15.930000,16.250000,8383300,0.021370207416719
25,AAL,2013-03-15,16.450000,16.540000,15.880000,15.980000,17667700,-0.0166153846153845
26,AAL,2013-03-18,15.800000,16.330000,15.710000,16.290000,6514100,0.0193992490613266
27,AAL,2013-03-19,16.480000,16.850000,16.410000,16.780000,11805300,0.0300798035604665
28,AAL,2013-03-20,17.130000,17.330000,16.870000,17.230000,10819800,0.0268176400476758
29,AAL,2013-03-21,17.210000,17.430000,16.870000,17.000000,10740800,-0.0133488102147417
30,AAL,2013-03-22,17.100000,17.290000,16.770000,16.860000,8545200,-0.0082352941176471
31,AAL,2013-03-25,16.920000,17.000000,16.350000,16.600000,8400000,-0.015421115065243
32,AAL,2013-03-26,16.670000,16.840000,16.500000,16.510000,6898500,-0.0054216867469879
33,AAL,2013-03-27,16.480000,16.770000,16.330000,16.650000,5537100,0.0084797092671107
34,AAL,2013-03-28,17.000000,17.090000,16.820000,16.970000,8324100,0.0192192192192193
35,AAL,2013-04-01,17.020000,17.130000,16.540000,16.670000,5222300,-0.0176782557454329
36,AAL,2013-04-02,16.480000,16.500000,15.710000,15.740000,14595600,-0.0557888422315537
37,AAL,2013-04-03,15.820000,15.920000,15.130000,15.530000,14658300,-0.0133418043202033
38,AAL,2013-04-04,15.120000,15.710000,15.120000,15.690000,5520300,0.0103026400515131
39,AAL,2013-04-05,15.170000,15.790000,15.030000,15.720000,5252300,0.0019120458891013
40,AAL,2013-04-08,15.820000,15.970000,15.530000,15.840000,3780700,0.0076335877862594
41,AAL,2013-04-09,16.070000,16.100000,15.670000,15.700000,4420200,-0.0088383838383838
42,AAL,2013-04-10,15.740000,15.980000,15.700000,15.780000,3650600,0.0050955414012738
43,AAL,2013-04-11,15.770000,16.380000,15.750000,16.190000,5062200,0.0259822560202789
44,AAL,2013-04-12,16.110000,16.390000,15.950000,16.140000,3751800,-0.003088326127239
45,AAL,2013-04-15,16.200000,16.390000,15.470000,15.590000,6243400,-0.0340768277571251
46,AAL,2013-04-16,15.960000,16.740000,15.810000,16.370000,10458200,0.0500320718409237
47,AAL,2013-04-17,16.170000,16.550000,15.900000,16.520000,6581900,0.0091631032376298
48,AAL,2013-04-18,16.540000,16.540000,15.950000,16.100000,7633300,-0.0254237288135592
49,AAL,2013-04-19,16.100000,16.240000,15.850000,16.020000,5762600,-0.0049689440993789
50,AAL,2013-04-22,15.990000,16.000000,15.500000,15.520000,9227100,-0.031210986267166
51,AAL,2013-04-23,15.330000,16.490000,15.330000,16.300000,12302300,0.0502577319587629
52,AAL,2013-04-24,16.260000,16.500000,16.000000,16.450000,6114400,0.00920245398773
53,AAL,2013-04-25,16.550000,16.730000,16.190000,16.220000,5548800,-0.0139817629179331
54,AAL,2013-04-26,16.380000,16.730000,16.160000,16.590000,7272100,0.0228113440197288
55,AAL,2013-04-29,16.700000,16.970000,16.560000,16.810000,5436400,0.0132610006027726
56,AAL,2013-04-30,16.800000,17.050000,16.570000,16.900000,3640700,0.0053539559785842
57,AAL,2013-05-01,16.910000,17.170000,16.600000,16.600000,4943600,-0.0177514792899406
58,AAL,2013-05-02,16.720000,16.980000,16.600000,16.940000,4888900,0.0204819277108434
59,AAL,2013-05-03,17.020000,17.190000,16.890000,17.020000,6451900,0.0047225501770955
60,AAL,2013-05-06,17.050000,17.110000,16.910000,17.000000,3930700,-0.0011750881316098
61,AAL,2013-05-07,17.150000,17.150000,16.950000,16.980000,3157000,-0.0011764705882352
62,AAL,2013-05-08,17.010000,17.550000,16.990000,17.340000,6706200,0.0212014134275617
63,AAL,2013-05-09,17.530000,17.860000,17.340000,17.380000,6424000,0.002306805074971
64,AAL,2013-05-10,17.610000,17.810000,17.410000,17.760000,4248200,0.0218642117376295
65,AAL,2013-05-13,17.740000,17.950000,17.570000,17.720000,4250900,-0.0022522522522524
66,AAL,2013-05-14,17.820000,18.300000,17.800000,18.100000,5989700,0.0214446952595939
67,AAL,2013-05-15,18.370000,18.990000,18.310000,18.810000,8951500,0.0392265193370164
68,AAL,2013-05-16,18.960000,19.520000,18.880000,19.120000,6679300,0.0164805954279638
69,AAL,2013-05-17,19.380000,19.700000,18.750000,19.010000,7540000,-0.0057531380753137
70,AAL,2013-05-20,19.050000,19.390000,18.390000,18.590000,6055000,-0.0220936349289848
71,AAL,2013-05-21,18.550000,18.700000,17.650000,17.950000,10018700,-0.0344271113501882
72,AAL,2013-05-22,18.060000,18.430000,17.710000,17.930000,8662000,-0.0011142061281337
73,AAL,2013-05-23,17.480000,18.450000,17.440000,18.190000,7482400,0.0145008365867262
74,AAL,2013-05-24,18.110000,18.420000,17.890000,18.210000,4277800,0.0010995052226496
75,AAL,2013-05-28,18.440000,18.720000,18.050000,18.120000,4561900,-0.0049423393739703
76,AAL,2013-05-29,18.060000,18.150000,17.650000,17.830000,4216200,-0.0160044150110376
77,AAL,2013-05-30,17.920000,18.220000,17.660000,17.670000,4126600,-0.0089736399326975
78,AAL,2013-05-31,17.660000,17.900000,17.550000,17.570000,3831500,-0.0056593095642332
79,AAL,2013-06-03,17.540000,17.900000,17.400000,17.730000,5776800,0.0091064314171884
80,AAL,2013-06-04,17.780000,18.200000,17.560000,17.650000,4543800,-0.0045121263395375
81,AAL,2013-06-05,17.150000,17.620000,16.850000,16.950000,11852000,-0.0396600566572237
82,AAL,2013-06-06,16.920000,17.080000,15.930000,16.640000,12738600,-0.0182890855457226
83,AAL,2013-06-07,16.890000,17.100000,16.650000,17.020000,4030900,0.0228365384615383
84,AAL,2013-06-10,17.090000,17.350000,17.050000,17.260000,4246400,0.0141010575793185
85,AAL,2013-06-11,16.940000,17.260000,16.750000,16.920000,3788700,-0.0196987253765932
86,AAL,2013-06-12,16.970000,17.200000,16.650000,16.880000,3602200,-0.0023640661938535
87,AAL,2013-06-13,16.850000,17.070000,16.640000,17.010000,5384700,0.0077014218009481
88,AAL,2013-06-14,16.960000,17.250000,16.810000,16.930000,2572500,-0.0047031158142269
89,AAL,2013-06-17,17.020000,17.160000,16.740000,16.950000,2845000,0.0011813349084466
90,AAL,2013-06-18,16.940000,17.320000,16.820000,17.220000,4298600,0.015929203539823
91,AAL,2013-06-19,17.160000,17.270000,17.000000,17.060000,2382500,-0.0092915214866434
92,AAL,2013-06-20,16.730000,17.180000,16.530000,16.730000,5234200,-0.0193434935521686
93,AAL,2013-06-21,16.800000,16.940000,16.050000,16.340000,6423700,-0.0233114166168559
94,AAL,2013-06-24,16.060000,16.140000,15.590000,16.130000,6691000,-0.0128518971848226
95,AAL,2013-06-25,16.220000,16.500000,16.160000,16.460000,3399500,0.0204587724736518
96,AAL,2013-06-26,16.500000,16.640000,16.170000,16.170000,3604500,-0.0176184690157957
97,AAL,2013-06-27,16.290000,16.340000,16.000000,16.310000,3566000,0.0086580086580083
98,AAL,2013-06-28,16.240000,16.550000,16.160000,16.420000,7063900,0.0067443286327408
99,AAL,2013-07-01,16.500000,17.040000,16.480000,16.800000,4666900,0.0231425091352008
100,AAL,2013-07-02,16.780000,16.790000,16.360000,16.430000,4009300,-0.0220238095238095
101,AAL,2013-07-03,16.060000,16.800000,16.040000,16.750000,2625800,0.0194765672550212
102,AAL,2013-07-05,16.930000,17.000000,16.680000,16.840000,2397200,0.0053731343283582
103,AAL,2013-07-08,16.940000,17.090000,16.850000,16.940000,2671200,0.0059382422802851
104,AAL,2013-07-09,17.010000,17.380000,16.970000,17.360000,4076600,0.0247933884297519
105,AAL,2013-07-10,17.320000,17.480000,17.010000,17.170000,4289700,-0.0109447004608294
106,AAL,2013-07-11,17.400000,17.500000,17.270000,17.370000,3153800,0.0116482236458939
107,AAL,2013-07-12,17.360000,17.850000,17.350000,17.560000,3947100,0.0109383995394356
108,AAL,2013-07-15,17.660000,17.830000,17.560000,17.760000,3267000,0.0113895216400912
109,AAL,2013-07-16,17.860000,18.000000,17.750000,17.950000,3839100,0.0106981981981981
110,AAL,2013-07-17,17.960000,18.470000,17.950000,18.450000,6291800,0.0278551532033426
111,AAL,2013-07-18,18.700000,18.930000,18.310000,18.420000,8434200,-0.0016260162601624
112,AAL,2013-07-19,18.260000,18.370000,18.000000,18.230000,4122700,-0.0103148751357221
113,AAL,2013-07-22,18.250000,18.300000,18.000000,18.150000,4705200,-0.0043883708173341
114,AAL,2013-07-23,18.330000,18.340000,17.850000,18.050000,4893700,-0.005509641873278
115,AAL,2013-07-24,18.430000,18.710000,18.220000,18.500000,10792800,0.0249307479224376
116,AAL,2013-07-25,18.490000,18.850000,18.300000,18.830000,9851900,0.0178378378378376
117,AAL,2013-07-26,18.740000,19.110000,18.680000,19.090000,7797700,0.0138077535847054
118,AAL,2013-07-29,19.070000,19.260000,18.930000,19.230000,6462700,0.0073336825563121
119,AAL,2013-07-30,19.330000,19.450000,19.110000,19.200000,6091900,-0.0015600624024961
120,AAL,2013-07-31,19.250000,19.490000,19.190000,19.350000,9571100,0.0078125000000002
121,AAL,2013-08-01,19.440000,19.590000,19.240000,19.380000,7989100,0.0015503875968991
122,AAL,2013-08-02,19.380000,19.390000,18.900000,18.920000,7382700,-0.0237358101135189
123,AAL,2013-08-05,18.900000,19.250000,18.900000,19.170000,4365800,0.0132135306553911
124,AAL,2013-08-06,19.170000,19.200000,18.830000,18.920000,3350300,-0.0130412102243088
125,AAL,2013-08-07,18.840000,18.980000,18.520000,18.870000,4318500,-0.0026427061310783
126,AAL,2013-08-08,18.990000,19.130000,18.900000,18.980000,4269900,0.0058293587705351
127,AAL,2013-08-09,18.910000,19.080000,18.560000,18.600000,4720600,-0.0200210748155953
128,AAL,2013-08-12,18.490000,18.880000,18.070000,18.820000,4674800,0.0118279569892472
129,AAL,2013-08-13,18.860000,18.950000,16.290000,16.360000,78591200,-0.1307120085015941
130,AAL,2013-08-14,16.050000,16.340000,15.350000,16.170000,28026200,-0.0116136919315401
131,AAL,2013-08-15,15.970000,16.160000,15.650000,15.720000,10372800,-0.0278293135435993
132,AAL,2013-08-16,15.700000,16.420000,15.700000,16.010000,8824700,0.0184478371501273
133,AAL,2013-08-19,15.970000,15.990000,15.620000,15.640000,6141500,-0.0231105559025609
134,AAL,2013-08-20,15.640000,16.210000,15.600000,15.800000,6373900,0.0102301790281329
135,AAL,2013-08-21,15.800000,15.990000,15.750000,15.810000,4234300,0.000632911392405
136,AAL,2013-08-22,15.910000,16.370000,15.900000,16.270000,4770200,0.0290955091714104
137,AAL,2013-08-23,16.300000,16.400000,16.100000,16.160000,2190400,-0.0067609096496619
138,AAL,2013-08-26,16.160000,16.410000,16.030000,16.210000,2808200,0.0030940594059405
139,AAL,2013-08-27,15.870000,16.000000,15.330000,15.470000,6422300,-0.0456508328192474
140,AAL,2013-08-28,15.380000,15.530000,15.280000,15.340000,3613100,-0.0084033613445378
141,AAL,2013-08-29,16.030000,16.390000,15.720000,15.960000,7645000,0.0404172099087354
142,AAL,2013-08-30,16.100000,16.730000,16.070000,16.160000,7569500,0.0125313283208019
143,AAL,2013-09-03,16.380000,16.640000,16.110000,16.390000,4178200,0.0142326732673268
144,AAL,2013-09-04,16.490000,16.850000,16.440000,16.810000,4839200,0.0256253813300793
145,AAL,2013-09-05,16.950000,17.130000,16.880000,16.990000,3528500,0.0107079119571682
146,AAL,2013-09-06,17.180000,17.200000,16.620000,16.800000,4512900,-0.0111830488522659
147,AAL,2013-09-09,16.860000,17.470000,16.840000,17.470000,5276200,0.0398809523809522
148,AAL,2013-09-10,17.690000,18.180000,17.640000,18.120000,5827000,0.0372066399542072
149,AAL,2013-09-11,18.030000,18.040000,17.310000,17.720000,6391100,-0.022075055187638
150,AAL,2013-09-12,17.690000,17.950000,17.550000,17.630000,3475500,-0.005079006772009
151,AAL,2013-09-13,17.710000,18.030000,17.710000,17.870000,2590600,0.013613159387408
152,AAL,2013-09-16,18.160000,18.410000,17.970000,18.070000,5691300,0.0111919418019026
153,AAL,2013-09-17,18.570000,18.820000,18.500000,18.720000,5634500,0.0359712230215827
154,AAL,2013-09-18,18.680000,18.800000,18.470000,18.680000,4482400,-0.0021367521367521
155,AAL,2013-09-19,18.670000,19.130000,18.610000,18.970000,5189900,0.0155246252676659
156,AAL,2013-09-20,18.940000,19.210000,18.830000,18.890000,4989100,-0.004217185028993
157,AAL,2013-09-23,18.890000,19.000000,18.540000,18.860000,3354400,-0.0015881418740074
158,AAL,2013-09-24,18.790000,19.280000,18.680000,18.990000,5610900,0.0068928950159066
159,AAL,2013-09-25,19.130000,19.390000,18.800000,19.180000,3519500,0.0100052659294365
160,AAL,2013-09-26,19.170000,19.480000,19.100000,19.470000,3301300,0.0151199165797706
161,AAL,2013-09-27,19.090000,19.350000,18.770000,19.080000,4223100,-0.0200308166409861
162,AAL,2013-09-30,18.340000,19.220000,18.040000,18.960000,4364300,-0.0062893081761005
163,AAL,2013-10-01,18.980000,19.850000,18.980000,19.690000,7630300,0.0385021097046414
164,AAL,2013-10-02,20.000000,20.100000,19.740000,19.840000,5555100,0.0076180802437784
165,AAL,2013-10-03,20.000000,20.500000,19.670000,20.480000,7886500,0.032258064516129
166,AAL,2013-10-04,20.310000,20.750000,20.310000,20.530000,6492900,0.00244140625
167,AAL,2013-10-07,20.410000,20.770000,20.300000,20.390000,3837200,-0.0068192888455917
168,AAL,2013-10-08,20.320000,20.430000,19.920000,20.020000,4188900,-0.0181461500735655
169,AAL,2013-10-09,20.080000,20.270000,19.770000,20.060000,3358000,0.0019980019980019
170,AAL,2013-10-10,20.350000,20.650000,20.270000,20.500000,3372000,0.0219341974077766
171,AAL,2013-10-11,20.500000,20.730000,20.420000,20.720000,3503300,0.0107317073170731
172,AAL,2013-10-14,20.520000,20.670000,20.260000,20.580000,3066400,-0.0067567567567567
173,AAL,2013-10-15,20.640000,20.830000,20.320000,20.500000,3089000,-0.0038872691933915
174,AAL,2013-10-16,20.570000,20.730000,20.450000,20.620000,3478800,0.0058536585365853
175,AAL,2013-10-17,20.720000,21.060000,20.640000,21.000000,4487000,0.0184287099903006
176,AAL,2013-10-18,21.230000,21.350000,20.820000,21.140000,3676600,0.0066666666666665
177,AAL,2013-10-21,21.230000,21.340000,21.070000,21.220000,2104100,0.0037842951750235
178,AAL,2013-10-22,21.530000,21.990000,21.340000,21.950000,5208400,0.03440150801131
179,AAL,2013-10-23,21.820000,22.090000,21.310000,21.400000,5540000,-0.0250569476082005
180,AAL,2013-10-24,22.080000,23.160000,21.820000,22.670000,9779400,0.0593457943925235
181,AAL,2013-10-25,22.760000,23.080000,21.650000,22.150000,9907100,-0.022937803264226
182,AAL,2013-10-28,22.240000,22.630000,21.880000,22.010000,4642800,-0.0063205417607221
183,AAL,2013-10-29,22.760000,22.790000,22.070000,22.370000,5769000,0.0163562017264879
184,AAL,2013-10-30,22.380000,22.990000,21.820000,22.580000,13157000,0.009387572641931
185,AAL,2013-10-31,22.600000,22.860000,21.970000,21.970000,6029300,-0.0270150575730735
186,AAL,2013-11-01,22.040000,22.470000,21.600000,22.440000,7190700,0.0213928083750569
187,AAL,2013-11-04,22.600000,23.900000,22.570000,22.710000,19962000,0.0120320855614972
188,AAL,2013-11-05,22.750000,22.880000,22.330000,22.680000,7127300,-0.0013210039630119
189,AAL,2013-11-06,23.260000,23.260000,21.900000,22.400000,8827100,-0.0123456790123457
190,AAL,2013-11-07,22.530000,22.790000,21.950000,22.080000,6393200,-0.0142857142857143
191,AAL,2013-11-08,22.160000,23.230000,22.120000,23.210000,8462000,0.0511775362318842
192,AAL,2013-11-11,23.250000,23.450000,23.060000,23.270000,3508100,0.0025850926324859
193,AAL,2013-11-12,23.260000,25.490000,22.500000,23.520000,40091800,0.0107434464976363
194,AAL,2013-11-13,24.220000,24.300000,23.130000,23.310000,20087200,-0.0089285714285715
195,AAL,2013-11-14,23.790000,23.800000,23.380000,23.660000,12641900,0.015015015015015
196,AAL,2013-11-15,23.730000,24.050000,23.320000,23.890000,13660700,0.0097210481825866
197,AAL,2013-11-18,24.220000,24.810000,24.040000,24.400000,10080800,0.0213478442863122
198,AAL,2013-11-19,24.550000,24.800000,24.080000,24.230000,14087400,-0.006967213114754
199,AAL,2013-11-20,24.290000,24.420000,23.910000,24.060000,11182500,-0.0070160957490714
200,AAL,2013-11-21,24.070000,24.240000,23.780000,23.990000,9920500,-0.0029093931837074
201,AAL,2013-11-22,24.200000,24.560000,23.900000,24.270000,12430500,0.011671529804085
202,AAL,2013-11-25,24.450000,24.530000,24.000000,24.240000,9436600,-0.0012360939431397
203,AAL,2013-11-26,24.170000,24.240000,23.700000,23.810000,10785200,-0.0177392739273927
204,AAL,2013-11-27,23.920000,24.180000,23.630000,23.980000,14261600,0.007139857202856
205,AAL,2013-11-29,24.120000,24.180000,23.450000,23.480000,4922900,-0.0208507089241034
206,AAL,2013-12-02,23.550000,23.620000,23.010000,23.040000,9149800,-0.0187393526405451
207,AAL,2013-12-03,22.990000,22.990000,22.010000,22.390000,17623800,-0.0282118055555554
208,AAL,2013-12-04,22.380000,22.430000,21.690000,21.870000,16670300,-0.0232246538633318
209,AAL,2013-12-05,22.270000,22.620000,21.450000,22.350000,30725800,0.0219478737997256
210,AAL,2013-12-06,22.720000,22.880000,22.130000,22.550000,28364700,0.0089485458612974
211,AAL,2013-12-09,23.950000,25.440000,23.450100,24.600000,43197268,0.0909090909090908
212,AAL,2013-12-10,24.540000,25.170000,24.410000,24.880000,18660625,0.011382113821138
213,AAL,2013-12-11,25.440000,27.200000,25.370000,25.990000,38843371,0.0446141479099677
214,AAL,2013-12-12,26.200000,26.710000,25.450000,25.450000,19981824,-0.0207772220084647
215,AAL,2013-12-13,25.610000,26.300000,25.520100,26.230000,12192421,0.030648330058939
216,AAL,2013-12-16,26.630000,26.765800,26.350000,26.610000,13190945,0.0144872283644681
217,AAL,2013-12-17,26.470000,26.590000,25.950100,26.100000,11413199,-0.0191657271702366
218,AAL,2013-12-18,25.990000,26.230000,25.550000,26.230000,9994162,0.0049808429118773
219,AAL,2013-12-19,26.090000,26.490000,25.821000,26.120000,6916497,-0.0041936713686617
220,AAL,2013-12-20,26.160000,26.490000,26.140000,26.330000,8530924,0.0080398162327717
221,AAL,2013-12-23,26.290000,26.490000,26.050000,26.180000,5403084,-0.0056969236612228
222,AAL,2013-12-24,26.000000,26.260000,26.000000,26.250000,2652974,0.0026737967914438
223,AAL,2013-12-26,26.120000,26.360000,25.975000,26.130000,4226639,-0.0045714285714285
224,AAL,2013-12-27,25.950000,26.100000,24.910000,24.940000,13227018,-0.0455415231534633
225,AAL,2013-12-30,24.870000,25.250000,24.650000,24.780000,8841369,-0.0064153969526864
226,AAL,2013-12-31,24.740000,25.250000,24.630000,25.250000,7168395,0.0189669087974171
227,AAL,2014-01-02,25.070000,25.820000,25.060000,25.360000,8998943,0.0043564356435643
228,AAL,2014-01-03,25.750000,26.750000,25.510000,26.540000,13836062,0.0465299684542586
229,AAL,2014-01-06,26.620000,27.200000,26.600000,27.030000,11272273,0.0184626978146196
230,AAL,2014-01-07,27.200000,27.399700,26.670000,26.905000,11288775,-0.0046244913059563
231,AAL,2014-01-08,26.370000,27.680000,26.350000,27.630000,15736891,0.0269466641888123
232,AAL,2014-01-09,28.240000,29.600000,28.200000,29.420000,26056445,0.0647846543612016
233,AAL,2014-01-10,29.050000,29.830000,28.750000,29.350000,12824160,-0.0023793337865397
234,AAL,2014-01-13,29.180000,29.530000,28.580000,28.650000,10591701,-0.0238500851788757
235,AAL,2014-01-14,28.750000,29.040000,28.710000,28.870000,10601529,0.0076788830715532
236,AAL,2014-01-15,28.900000,29.440000,28.700000,28.840000,11192558,-0.0010391409767925
237,AAL,2014-01-16,28.940000,29.390000,28.700000,29.340000,7034698,0.0173370319001386
238,AAL,2014-01-17,29.300000,30.020000,29.171000,30.020000,18304949,0.0231765507839127
239,AAL,2014-01-21,30.660000,30.800000,30.200000,30.660000,10612821,0.0213191205862759
240,AAL,2014-01-22,30.710000,31.240000,30.650000,31.200000,7583631,0.0176125244618394
241,AAL,2014-01-23,30.650000,31.460000,30.620000,31.350000,11397447,0.0048076923076922
242,AAL,2014-01-24,31.020000,31.180000,29.910000,30.400000,13699981,-0.0303030303030303
243,AAL,2014-01-27,30.400000,30.870000,28.670000,30.180000,16288488,-0.007236842105263
244,AAL,2014-01-28,30.320000,32.200000,30.020000,31.960000,23966003,0.0589794565937706
245,AAL,2014-01-29,32.240000,33.400000,32.100000,32.980000,22726800,0.031914893617021
246,AAL,2014-01-30,33.360000,34.200000,33.200000,33.800000,13677012,0.0248635536688901
247,AAL,2014-01-31,33.440000,34.080000,33.000000,33.550000,12795698,-0.0073964497041419
248,AAL,2014-02-03,33.950000,34.480000,33.050000,33.960000,21743871,0.0122205663189269
249,AAL,2014-02-04,34.040000,34.380000,33.580000,34.050000,11241908,0.002650176678445
250,AAL,2014-02-05,33.820000,33.970000,33.400000,33.800000,15471546,-0.0073421439060205
251,AAL,2014-02-06,33.710000,34.920000,33.700000,34.660000,13924507,0.0254437869822485
252,AAL,2014-02-07,34.810000,35.700000,34.650000,35.670000,15411777,0.0291402192729373
253,AAL,2014-02-10,36.100000,36.150000,35.380000,35.580000,11110235,-0.0025231286795627
254,AAL,2014-02-11,35.580000,35.640000,34.390000,35.130000,11990875,-0.0126475548060707
255,AAL,2014-02-12,34.890000,35.000000,34.360000,34.690000,9386780,-0.0125249074864789
256,AAL,2014-02-13,34.070000,35.040000,34.060000,35.025000,8412272,0.0096569616604209
257,AAL,2014-02-14,34.850000,35.176000,34.220000,34.410000,7307286,-0.0175588865096359
258,AAL,2014-02-18,34.730000,34.950000,34.200000,34.310000,7090152,-0.0029061319383898
259,AAL,2014-02-19,34.250000,35.090000,34.110000,34.590000,7259501,0.0081608860390556
260,AAL,2014-02-20,34.430000,35.669400,34.430000,35.660000,9289448,0.030933795894767
261,AAL,2014-02-21,35.780000,36.450000,35.750000,36.170000,7821334,0.014301738642737
262,AAL,2014-02-24,36.200000,36.660000,36.020000,36.650000,7022370,0.0132706662980368
263,AAL,2014-02-25,36.630000,37.150000,36.510000,37.000000,8991389,0.009549795361528
264,AAL,2014-02-26,37.120000,37.280000,36.580000,36.750000,10516864,-0.0067567567567567
265,AAL,2014-02-27,36.880000,36.948500,36.340000,36.560000,5666647,-0.0051700680272108
266,AAL,2014-02-28,36.110000,36.980000,36.070000,36.930000,7991349,0.0101203501094091
267,AAL,2014-03-03,36.170000,36.400000,35.320000,36.100000,9495177,-0.0224749526130516
268,AAL,2014-03-04,36.570000,37.460000,36.570000,37.340000,11742444,0.0343490304709142
269,AAL,2014-03-05,37.600000,38.030000,37.510000,37.860000,8793959,0.0139260846277449
270,AAL,2014-03-06,38.280000,39.325000,38.280000,38.810000,14008414,0.0250924458531431
271,AAL,2014-03-07,39.170000,39.290000,38.110000,39.020000,10540431,0.005410976552435
272,AAL,2014-03-10,38.700000,39.880000,38.550000,38.960000,11415390,-0.0015376729882112
273,AAL,2014-03-11,38.650000,39.260000,37.950000,38.080000,11311219,-0.0225872689938398
274,AAL,2014-03-12,37.970000,38.080000,37.230000,37.559900,9416584,-0.0136580882352941
275,AAL,2014-03-13,37.900000,37.989900,35.750000,36.740000,11743627,-0.0218291316004567
276,AAL,2014-03-14,36.000000,37.179900,35.670000,36.340000,7199813,-0.0108873162765378
277,AAL,2014-03-17,36.620000,37.770000,36.530000,37.700000,9240047,0.0374243258117776
278,AAL,2014-03-18,37.750000,38.040000,37.090000,37.350000,5716947,-0.0092838196286472
279,AAL,2014-03-19,37.270000,37.630000,36.680000,37.080000,3863064,-0.0072289156626507
280,AAL,2014-03-20,36.610000,37.090000,36.280000,36.560000,6952115,-0.0140237324703342
281,AAL,2014-03-21,36.760000,36.820000,35.910000,36.110000,14113193,-0.012308533916849
282,AAL,2014-03-24,36.250000,36.860000,36.030000,36.800000,6514506,0.019108280254777
283,AAL,2014-03-25,36.880000,38.197000,36.860000,37.900000,10419256,0.0298913043478261
284,AAL,2014-03-26,38.150000,38.260000,36.640000,36.700000,7322443,-0.0316622691292874
285,AAL,2014-03-27,36.620000,36.770000,35.020000,35.770000,9546097,-0.0253405994550408
286,AAL,2014-03-28,35.770000,36.500000,35.350000,35.390000,6792745,-0.0106234274531731
287,AAL,2014-03-31,35.840000,36.870000,35.750000,36.600000,8415583,0.0341904492794575
288,AAL,2014-04-01,36.950000,38.190000,36.850000,37.940000,11065541,0.0366120218579233
289,AAL,2014-04-02,38.240000,38.900000,37.480000,37.710000,12508405,-0.0060622034791775
290,AAL,2014-04-03,37.720000,38.440000,36.960000,37.340000,7939297,-0.0098117210289047
291,AAL,2014-04-04,37.410000,37.720000,36.300100,36.560000,8733197,-0.0208891269416175
292,AAL,2014-04-07,36.780000,37.480000,35.460000,35.780000,10577786,-0.0213347921225383
293,AAL,2014-04-08,36.000000,36.220000,33.620000,35.980000,17409958,0.0055897149245387
294,AAL,2014-04-09,36.080000,37.000000,35.160000,36.900000,11479241,0.0255697609783214
295,AAL,2014-04-10,36.700000,37.380000,34.600000,35.290000,16312604,-0.0436314363143631
296,AAL,2014-04-11,34.100000,35.460000,33.590000,33.679900,15538291,-0.0456248228960044
297,AAL,2014-04-14,34.000000,34.770000,32.770000,33.370000,13466805,-0.0092013337331763
298,AAL,2014-04-15,33.520000,34.330000,31.860000,33.720000,15981721,0.0104884626910399
299,AAL,2014-04-16,34.170000,35.590000,33.940000,35.510000,15636133,0.0530842230130486
300,AAL,2014-04-17,35.500000,35.865000,34.820000,35.400000,9225655,-0.0030977189524077
301,AAL,2014-04-21,35.080000,35.790000,34.860000,35.670000,7190588,0.0076271186440679
302,AAL,2014-04-22,35.760000,36.740000,35.750000,36.160000,8942295,0.0137370339220632
303,AAL,2014-04-23,37.140000,37.600000,36.400000,37.090000,14649452,0.0257190265486728
304,AAL,2014-04-24,37.840000,38.240000,35.800000,37.260000,21038719,0.0045834456726878
305,AAL,2014-04-25,37.000000,37.110000,35.910000,36.000000,9576404,-0.0338164251207728
306,AAL,2014-04-28,36.410000,36.720000,34.340000,35.160000,13149281,-0.0233333333333334
307,AAL,2014-04-29,35.200000,35.650000,34.970000,35.510000,8994998,0.0099544937428897
308,AAL,2014-04-30,35.680000,35.880000,34.890000,35.070000,6946491,-0.012390875809631
309,AAL,2014-05-01,35.860000,36.700000,35.465000,36.390000,11502084,0.0376390076988879
310,AAL,2014-05-02,36.270000,36.715000,36.060000,36.490000,6987195,0.0027480076944215
311,AAL,2014-05-05,36.080000,36.780000,35.790000,36.600000,5819281,0.0030145245272676
312,AAL,2014-05-06,37.140000,37.400000,36.390000,36.670000,9492604,0.0019125683060108
313,AAL,2014-05-07,36.530000,37.310000,36.310000,37.220000,7800951,0.014998636487592
314,AAL,2014-05-08,37.250000,38.250000,37.050000,38.250000,14451109,0.0276732939279957
315,AAL,2014-05-09,37.960000,38.700000,37.910000,38.260000,9704405,0.0002614379084966
316,AAL,2014-05-12,38.350000,39.490000,38.350000,39.390000,12440659,0.0295347621536854
317,AAL,2014-05-13,38.950000,39.740000,38.850000,39.310000,8680113,-0.0020309723280019
318,AAL,2014-05-14,39.080000,39.240000,38.560000,38.840000,7993886,-0.0119562452302213
319,AAL,2014-05-15,38.550000,38.730000,37.480000,38.190000,10677177,-0.0167353244078271
320,AAL,2014-05-16,38.010000,38.680000,37.760000,38.525000,7062948,0.0087719298245614
321,AAL,2014-05-19,38.490000,39.160100,38.100000,38.570000,7165081,0.001168072680078
322,AAL,2014-05-20,38.540000,38.880000,38.020000,38.240000,6285855,-0.0085558724397198
323,AAL,2014-05-21,38.280000,38.850000,38.050000,38.320000,6565390,0.0020920502092049
324,AAL,2014-05-22,38.300000,38.880000,38.300000,38.720000,6414652,0.010438413361169
325,AAL,2014-05-23,38.530000,39.500000,38.530000,39.110000,9865965,0.0100723140495868
326,AAL,2014-05-27,39.380000,39.930000,39.230000,39.350000,9586877,0.0061365379698288
327,AAL,2014-05-28,39.400000,40.330000,39.190000,39.800000,11133508,0.0114358322744598
328,AAL,2014-05-29,39.890000,40.270000,39.360000,39.820000,9668210,0.0005025125628141
329,AAL,2014-05-30,39.830000,40.175000,39.680000,40.160000,13888723,0.0085384229030636
330,AAL,2014-06-02,40.000000,41.250000,40.000000,41.220000,9906030,0.026394422310757
331,AAL,2014-06-03,41.130000,42.090000,41.110300,41.440000,9460202,0.0053372149442019
332,AAL,2014-06-04,41.360000,42.900000,41.200000,42.820000,11934666,0.0333011583011584
333,AAL,2014-06-05,43.000000,43.490000,42.270000,42.410000,8543065,-0.0095749649696403
334,AAL,2014-06-06,42.450000,43.920000,42.420000,43.880000,13616388,0.0346616364065079
335,AAL,2014-06-09,44.000000,44.430000,43.070000,43.590000,11689566,-0.0066089334548768
336,AAL,2014-06-10,43.500000,43.860000,42.930000,43.660000,8384472,0.0016058729066297
337,AAL,2014-06-11,42.900000,43.290000,42.030000,42.290000,13185059,-0.0313788364635821
338,AAL,2014-06-12,41.270000,41.410000,38.855000,40.200000,37320111,-0.0494206668243082
339,AAL,2014-06-13,40.250000,40.925000,39.550000,40.380000,13594153,0.0044776119402984
340,AAL,2014-06-16,39.680000,41.290000,39.670000,41.060000,13634011,0.0168400198117879
341,AAL,2014-06-17,41.080000,42.190000,40.760000,41.870000,12527641,0.0197272284461762
342,AAL,2014-06-18,41.930000,42.820000,41.570000,42.660000,11250953,0.0188679245283018
343,AAL,2014-06-19,42.820000,43.490000,42.660000,43.060000,14117100,0.0093764650726677
344,AAL,2014-06-20,43.040000,44.550000,43.030000,44.550000,40644263,0.0346028797027402
345,AAL,2014-06-23,44.300000,44.880000,43.800000,44.360000,18457895,-0.0042648709315376
346,AAL,2014-06-24,44.140000,44.610000,42.760000,43.179000,13252583,-0.0266230838593326
347,AAL,2014-06-25,42.900000,44.000000,42.300000,43.910000,10944639,0.016929525926955
348,AAL,2014-06-26,43.960000,44.600000,43.500000,44.550000,11175082,0.0145752675928034
349,AAL,2014-06-27,44.300000,44.750000,43.910000,44.000000,41471585,-0.0123456790123456
350,AAL,2014-06-30,44.040000,44.080000,42.830000,42.960000,10456585,-0.0236363636363635
351,AAL,2014-07-01,43.440000,43.900000,43.050000,43.860000,9165112,0.020949720670391
352,AAL,2014-07-02,42.890000,42.950000,41.420000,41.950000,19747272,-0.0435476516187869
353,AAL,2014-07-03,42.610000,42.939900,41.400000,41.620000,8257974,-0.0078665077473183
354,AAL,2014-07-07,41.720000,41.720000,39.920000,40.100000,14227133,-0.0365209034118211
355,AAL,2014-07-08,39.140000,40.330000,37.900000,40.260000,26401824,0.0039900249376558
356,AAL,2014-07-09,42.080000,42.350000,40.505000,41.985000,20468311,0.0428464977645306
357,AAL,2014-07-10,41.000000,42.980000,40.771000,42.820000,11829169,0.0198880552578302
358,AAL,2014-07-11,42.910000,43.230000,42.520000,42.880000,8135498,0.001401214385801
359,AAL,2014-07-14,43.260000,43.590000,42.730000,42.980000,7215369,0.0023320895522387
360,AAL,2014-07-15,43.330000,43.730000,42.780000,43.700000,8360710,0.0167519776640299
361,AAL,2014-07-16,44.000000,44.000000,43.300000,43.480000,6371440,-0.0050343249427918
362,AAL,2014-07-17,43.040000,43.440000,41.650000,41.699900,13919677,-0.040940662373505
363,AAL,2014-07-18,42.230000,43.220000,42.150000,42.919900,8870098,0.0292566648840884
364,AAL,2014-07-21,42.910000,42.950000,42.250000,42.480000,5684272,-0.0102493249052304
365,AAL,2014-07-22,42.700000,42.890000,42.150000,42.380000,6458469,-0.0023540489642183
366,AAL,2014-07-23,42.720000,43.660000,42.650000,43.330000,10166698,0.0224162340726756
367,AAL,2014-07-24,42.500000,43.950000,41.700000,42.160000,18018077,-0.0270020770828525
368,AAL,2014-07-25,42.250000,42.680000,41.335000,41.680000,10991606,-0.0113851992409866
369,AAL,2014-07-28,41.870000,41.949500,39.810000,40.290000,15941271,-0.0333493282149712
370,AAL,2014-07-29,40.650000,40.850000,39.390000,39.530000,10719068,-0.0188632414991312
371,AAL,2014-07-30,39.900000,40.260000,39.295000,39.550000,10759693,0.000505944852011
372,AAL,2014-07-31,38.900000,39.400000,38.050000,38.850000,13536481,-0.0176991150442477
373,AAL,2014-08-01,38.750000,39.530000,38.430000,39.430000,8978315,0.0149292149292148
374,AAL,2014-08-04,39.490000,39.850000,37.630000,38.140000,11092629,-0.0327162059345675
375,AAL,2014-08-05,37.890000,38.450000,36.743000,37.180000,10422964,-0.0251704247509176
376,AAL,2014-08-06,36.560000,38.000000,36.140000,37.460000,9501866,0.0075309306078537
377,AAL,2014-08-07,37.700000,38.410000,36.500000,36.860000,9886761,-0.0160170848905499
378,AAL,2014-08-08,36.560000,37.380000,35.230000,37.180000,20757527,0.0086814975583289
379,AAL,2014-08-11,37.790000,38.370000,37.350000,37.970000,9015766,0.0212479827864442
380,AAL,2014-08-12,38.140000,38.140000,37.270000,37.520000,6224836,-0.0118514616802737
381,AAL,2014-08-13,37.640000,38.460000,37.440000,38.120000,6176947,0.0159914712153517
382,AAL,2014-08-14,38.500000,39.610000,38.460000,39.570000,10132481,0.0380377754459602
383,AAL,2014-08-15,39.980000,40.079900,38.790000,39.190000,9812047,-0.0096032347738186
384,AAL,2014-08-18,39.600000,40.900000,39.600000,40.660000,10902850,0.0375095687675426
385,AAL,2014-08-19,40.960000,41.000000,40.260000,40.430000,5819609,-0.0056566650270535
386,AAL,2014-08-20,40.400000,40.800000,40.030000,40.600000,6506835,0.004204798417017
387,AAL,2014-08-21,40.750000,40.850000,39.445000,39.510000,8155816,-0.0268472906403941
388,AAL,2014-08-22,39.600000,40.210000,39.550100,39.850000,5773533,0.0086054163502911
389,AAL,2014-08-25,40.230000,40.280000,39.400000,39.420000,7075596,-0.0107904642409033
390,AAL,2014-08-26,39.550000,39.750000,39.070000,39.090000,5733286,-0.0083713850837138
391,AAL,2014-08-27,39.360000,39.400000,38.680000,38.990000,6457332,-0.0025581990278844
392,AAL,2014-08-28,38.710000,39.400000,38.700000,39.170000,3888975,0.0046165683508592
393,AAL,2014-08-29,39.100000,39.350000,38.360000,38.881000,6648785,-0.0073780954812356
394,AAL,2014-09-02,39.000000,40.540000,38.890000,40.500000,10934400,0.041639875517605
395,AAL,2014-09-03,39.730000,39.900000,38.670000,39.140000,9997418,-0.0335802469135801
396,AAL,2014-09-04,39.370000,39.980000,38.360000,38.470000,12007001,-0.017118037812979
397,AAL,2014-09-05,38.510000,38.710000,37.710000,37.850000,12070387,-0.0161164543800362
398,AAL,2014-09-08,37.960000,38.400000,37.960000,38.230000,7348230,0.0100396301188903
399,AAL,2014-09-09,37.630000,38.680000,37.380000,37.960000,9102068,-0.0070625163484173
400,AAL,2014-09-10,37.930000,38.870000,37.910000,38.580000,8111323,0.0163329820864066
401,AAL,2014-09-11,38.730000,39.040000,37.930000,38.090000,10067719,-0.01270088128564
402,AAL,2014-09-12,38.090000,38.510000,37.630000,37.650000,8233283,-0.0115515883433973
403,AAL,2014-09-15,37.600000,37.800000,36.840000,37.070000,7954304,-0.0154050464807437
404,AAL,2014-09-16,37.000000,38.010000,36.810000,37.980000,6724333,0.0245481521445911
405,AAL,2014-09-17,37.920000,38.240000,37.040000,37.460000,6684347,-0.0136914165350183
406,AAL,2014-09-18,37.700000,38.110000,37.600000,38.050000,4556264,0.0157501334757073
407,AAL,2014-09-19,38.060000,38.250000,36.630000,36.630000,17592703,-0.0373193166885675
408,AAL,2014-09-22,37.000000,37.000000,35.440000,35.580000,10968997,-0.0286650286650287
409,AAL,2014-09-23,35.040000,35.770000,34.640000,35.330000,12149378,-0.007026419336706
410,AAL,2014-09-24,35.470000,36.340000,35.180000,36.120000,8491863,0.022360600056609
411,AAL,2014-09-25,35.880000,35.980000,34.865000,35.210000,10934832,-0.0251937984496123
412,AAL,2014-09-26,35.250000,36.120000,35.020000,35.930000,8515487,0.0204487361545016
413,AAL,2014-09-29,35.350000,35.750000,34.940000,35.030000,7492228,-0.0250487058168661
414,AAL,2014-09-30,35.050000,35.850000,34.340000,35.480000,10657887,0.0128461318869539
415,AAL,2014-10-01,34.720000,34.940000,33.850000,34.390000,19453289,-0.0307215332581735
416,AAL,2014-10-02,34.470000,35.380000,33.510000,33.930000,21482153,-0.013375981389939
417,AAL,2014-10-03,34.660000,36.320000,34.610000,36.230000,15081075,0.0677866195107572
418,AAL,2014-10-06,36.310000,36.500000,34.860000,34.930000,12794164,-0.0358818658570244
419,AAL,2014-10-07,34.750000,35.020000,34.060000,34.090000,10032531,-0.0240480961923846
420,AAL,2014-10-08,34.530000,34.550000,32.600000,33.000000,22753612,-0.0319741859782928
421,AAL,2014-10-09,33.500000,33.700000,31.940000,31.980000,22639564,-0.0309090909090908
422,AAL,2014-10-10,31.550000,32.250000,29.780000,30.780000,31018666,-0.0375234521575984
423,AAL,2014-10-13,31.070000,31.390000,28.100000,28.580000,34532913,-0.0714749837556856
424,AAL,2014-10-14,29.290000,32.180000,29.280000,31.510000,28145226,0.1025192442267322
425,AAL,2014-10-15,30.220000,32.620000,29.492500,31.690000,39941285,0.0057124722310377
426,AAL,2014-10-16,30.630000,33.400000,30.000000,32.970000,24987103,0.0403912906279582
427,AAL,2014-10-17,33.880000,34.340000,32.810000,33.380000,16009738,0.0124355474673947
428,AAL,2014-10-20,34.190000,35.390000,34.000900,35.220000,13532715,0.0551228280407427
429,AAL,2014-10-21,36.140000,37.880000,36.020000,37.850000,26347743,0.0746734809767177
430,AAL,2014-10-22,38.050000,38.220000,36.940000,37.040000,18958406,-0.0214002642007926
431,AAL,2014-10-23,37.430000,40.180000,36.800000,38.480000,33292004,0.0388768898488121
432,AAL,2014-10-24,38.600000,39.950000,38.580000,39.820000,17834118,0.034823284823285
433,AAL,2014-10-27,39.600000,40.400000,39.290000,39.910000,13355207,0.0022601707684579
434,AAL,2014-10-28,40.110000,40.757000,39.750000,40.240000,12193479,0.0082686043598096
435,AAL,2014-10-29,40.070000,40.400000,39.245000,39.940000,15784094,-0.0074552683896621
436,AAL,2014-10-30,39.910000,40.690000,39.620000,40.300000,10566622,0.0090135202804206
437,AAL,2014-10-31,41.100000,41.750000,40.800000,41.350000,13012634,0.0260545905707196
438,AAL,2014-11-03,41.440000,42.095800,41.430000,42.000000,8446445,0.0157194679564691
439,AAL,2014-11-04,42.830000,43.700000,42.499000,42.700000,17421198,0.0166666666666668
440,AAL,2014-11-05,43.320000,43.350000,42.090000,42.250000,11528847,-0.0105386416861826
441,AAL,2014-11-06,42.590000,44.130000,42.590000,43.140000,14477213,0.0210650887573964
442,AAL,2014-11-07,43.140000,43.490000,42.630000,43.200000,9022642,0.0013908205841446
443,AAL,2014-11-10,42.500000,43.940000,41.675000,43.830000,13171001,0.0145833333333331
444,AAL,2014-11-11,44.000000,44.470000,43.320000,43.440000,11053611,-0.0088980150581793
445,AAL,2014-11-12,43.250000,43.630000,42.840000,43.430000,7705263,-0.0002302025782687
446,AAL,2014-11-13,43.540000,44.460100,43.489800,44.120000,11134963,0.0158876352751553
447,AAL,2014-11-14,44.000000,44.541000,43.665000,44.010000,8746243,-0.0024932003626473
448,AAL,2014-11-17,43.970000,44.580000,43.630000,43.690000,8691679,-0.0072710747557372
449,AAL,2014-11-18,43.755000,45.460000,43.755000,45.050000,14219440,0.0311284046692605
450,AAL,2014-11-19,44.830000,45.400000,44.040000,44.100000,11291063,-0.0210876803551608
451,AAL,2014-11-20,43.650000,44.720000,43.200000,44.160000,9431411,0.0013605442176869
452,AAL,2014-11-21,44.380000,44.490000,43.250000,43.310000,10866472,-0.019248188405797
453,AAL,2014-11-24,43.720000,43.960000,42.780000,43.210000,9576570,-0.0023089355806973
454,AAL,2014-11-25,43.180000,44.440000,43.100000,44.150000,11563828,0.0217542235593612
455,AAL,2014-11-26,44.310000,45.750100,44.000000,44.970000,12798776,0.0185730464326161
456,AAL,2014-11-28,47.000000,49.450000,47.000000,48.530000,21638709,0.0791638870358018
457,AAL,2014-12-01,49.000000,49.470000,47.360000,47.880000,15151440,-0.0133937770451266
458,AAL,2014-12-02,48.120000,48.700000,47.150000,47.860000,11853928,-0.0004177109440267
459,AAL,2014-12-03,47.740000,48.470000,46.925000,48.240000,8917697,0.0079398244880903
460,AAL,2014-12-04,49.600000,50.270000,49.320000,49.650000,15233774,0.0292288557213928
461,AAL,2014-12-05,50.090000,51.750000,50.010000,51.010000,15588179,0.0273917421953675
462,AAL,2014-12-08,50.440000,51.320000,50.150000,50.820000,16167321,-0.0037247598510095
463,AAL,2014-12-09,49.100000,49.200000,47.390000,48.310000,20575397,-0.0493900039354584
464,AAL,2014-12-10,49.800000,50.399000,48.250000,48.940000,18499976,0.0130407783067687
465,AAL,2014-12-11,49.800000,51.500000,49.650000,50.530000,15100887,0.0324887617490805
466,AAL,2014-12-12,51.675000,51.700000,49.900000,49.970000,15364034,-0.0110825252325351
467,AAL,2014-12-15,50.210000,51.320000,49.320000,50.840000,15368535,0.0174104462677606
468,AAL,2014-12-16,51.010000,51.150000,47.680000,47.960000,22053666,-0.056648308418568
469,AAL,2014-12-17,48.260000,49.490000,46.050000,48.800000,24779800,0.0175145954962467
470,AAL,2014-12-18,48.560000,50.930000,47.500000,50.140000,16945321,0.0274590163934427
471,AAL,2014-12-19,49.670000,50.940000,49.100000,50.710000,26787715,0.011368169126446
472,AAL,2014-12-22,51.100000,51.880000,50.720000,50.840000,8872374,0.0025635969236836
473,AAL,2014-12-23,50.950000,51.140000,49.840000,50.210000,7169796,-0.0123918174665618
474,AAL,2014-12-24,50.660000,51.690000,50.350000,51.430000,5961395,0.0242979486158134
475,AAL,2014-12-26,51.460000,52.250000,51.060000,51.955000,6841763,0.010208049776395
476,AAL,2014-12-29,51.650000,53.240000,51.300000,52.850000,8791483,0.0172264459628526
477,AAL,2014-12-30,53.000000,53.700000,52.830000,53.420000,8063140,0.0107852412488174
478,AAL,2014-12-31,53.900000,54.640000,53.320000,53.630000,11063024,0.0039311119430924
479,AAL,2015-01-02,54.280000,54.600000,53.070000,53.910000,10756705,0.0052209584187954
480,AAL,2015-01-05,54.370000,54.540000,53.340000,53.875000,11565004,-0.0006492301984788
481,AAL,2015-01-06,54.270000,54.430000,52.130000,53.040000,13772171,-0.0154988399071925
482,AAL,2015-01-07,53.380000,53.650000,52.120000,53.010000,10069816,-0.0005656108597285
483,AAL,2015-01-08,53.480000,54.280000,53.250000,53.660000,9672064,0.0122618373891718
484,AAL,2015-01-09,53.670000,53.910000,51.820000,52.020000,12351638,-0.0305628028326498
485,AAL,2015-01-12,51.060000,51.450000,49.200000,49.580000,18261336,-0.0469050365244138
486,AAL,2015-01-13,50.120000,51.430000,49.460000,50.400000,12259271,0.0165389269866882
487,AAL,2015-01-14,49.410000,50.230000,48.100000,49.410000,15684697,-0.0196428571428571
488,AAL,2015-01-15,49.135000,50.400000,48.580000,49.410000,10399684,0
489,AAL,2015-01-16,49.380000,49.970000,48.270000,49.810000,12978011,0.0080955272212104
490,AAL,2015-01-20,51.000000,52.830000,49.934500,52.750000,15157342,0.0590242923107808
491,AAL,2015-01-21,52.650000,54.000000,51.950000,53.670000,12882227,0.0174407582938389
492,AAL,2015-01-22,54.520000,55.820000,53.910000,55.590000,16201053,0.0357741755170486
493,AAL,2015-01-23,55.400000,55.980000,54.800000,55.690000,9488822,0.0017988846914911
494,AAL,2015-01-26,55.890000,56.200000,54.730000,55.450000,13353937,-0.0043095708385705
495,AAL,2015-01-27,53.990000,54.520000,52.540000,52.695000,19810717,-0.0496844003606853
496,AAL,2015-01-28,52.790000,53.699000,50.300000,50.620000,17064794,-0.0393775500521871
497,AAL,2015-01-29,51.045000,52.420000,50.570000,52.240000,16618856,0.0320031608060056
498,AAL,2015-01-30,52.020000,52.130000,48.630000,49.080000,18473105,-0.060490045941807
499,AAL,2015-02-02,48.580000,48.930000,46.210000,48.720000,22413054,-0.0073349633251833
500,AAL,2015-02-03,47.300000,48.160000,46.550000,47.500000,16678900,-0.0250410509031198
501,AAL,2015-02-04,48.620000,49.790000,48.230000,49.460000,11836762,0.0412631578947368
502,AAL,2015-02-05,49.460000,49.460000,47.600000,48.810000,9220865,-0.0131419328750505
503,AAL,2015-02-06,48.840000,49.470000,47.890000,48.145000,8650092,-0.0136242573243188
504,AAL,2015-02-09,46.410000,47.235000,45.950000,46.530000,12961897,-0.033544500986603
505,AAL,2015-02-10,47.400000,48.375000,46.900000,48.050000,9085330,0.0326670964968835
506,AAL,2015-02-11,48.790000,48.950000,47.350000,47.590000,10060185,-0.0095733610822058
507,AAL,2015-02-12,46.750000,48.500000,46.400000,47.880000,9542801,0.0060937171674722
508,AAL,2015-02-13,47.530000,48.400000,46.650000,48.390000,9895724,0.0106516290726816
509,AAL,2015-02-17,48.770000,49.449000,47.860000,48.010000,7260535,-0.0078528621616036
510,AAL,2015-02-18,48.600000,49.450000,48.184000,49.310000,8752743,0.0270776921474693
511,AAL,2015-02-19,50.780000,50.800000,49.590000,49.780000,11462822,0.0095315351855607
512,AAL,2015-02-20,49.810000,51.120000,49.130000,51.020000,10537876,0.0249096022498995
513,AAL,2015-02-23,51.750000,52.200000,50.950000,51.310000,9508679,0.0056840454723636
514,AAL,2015-02-24,50.290000,51.555000,49.360000,51.520000,13916738,0.0040927694406549
515,AAL,2015-02-25,51.300000,51.490000,49.460000,49.730000,9577025,-0.0347437888198759
516,AAL,2015-02-26,50.380000,50.380000,49.020000,49.350000,7577294,-0.0076412628192237
517,AAL,2015-02-27,49.000000,49.400000,47.850000,47.900000,9396398,-0.0293819655521784
518,AAL,2015-03-02,48.200000,48.570000,47.850000,48.310000,11482901,0.0085594989561588
519,AAL,2015-03-03,47.900000,49.030000,47.750000,48.770000,9051248,0.0095218381287518
520,AAL,2015-03-04,48.850000,48.960000,47.980000,48.950000,6711005,0.0036907935206069
521,AAL,2015-03-05,49.190000,49.200000,47.780000,48.395000,7041012,-0.011338100102145
522,AAL,2015-03-06,48.330000,48.940000,47.900000,47.995000,7002303,-0.0082653166649447
523,AAL,2015-03-09,48.050000,48.580000,47.580000,47.920000,7460205,-0.0015626627773726
524,AAL,2015-03-10,47.500000,47.580000,46.470000,46.735000,9337145,-0.0247287145242071
525,AAL,2015-03-11,46.900000,47.890000,46.580000,47.390000,6630302,0.0140151920402269
526,AAL,2015-03-12,47.570000,48.720000,47.560000,48.680000,7133511,0.0272209326862207
527,AAL,2015-03-13,48.750000,49.490000,48.280000,49.220000,9187991,0.0110928512736236
528,AAL,2015-03-16,49.770000,50.450000,49.450000,50.220000,10897774,0.0203169443315724
529,AAL,2015-03-17,52.630000,54.180000,52.500000,53.690000,41837891,0.0690959776981281
530,AAL,2015-03-18,53.690000,54.600000,53.340000,54.130000,21324978,0.0081951946358727
531,AAL,2015-03-19,54.570000,55.240000,54.450000,55.190000,18897709,0.0195824866063181
532,AAL,2015-03-20,55.190000,56.050000,54.860000,55.760000,137767165,0.0103279579633992
533,AAL,2015-03-23,55.470000,55.930000,54.370000,54.395000,19042013,-0.0244799139167861
534,AAL,2015-03-24,54.040000,54.410000,53.660000,53.930000,11940800,-0.0085485798327052
535,AAL,2015-03-25,53.620000,53.780000,51.930000,52.010000,14237851,-0.0356017059150751
536,AAL,2015-03-26,50.840000,51.685000,50.250000,51.265000,14242731,-0.0143241684291481
537,AAL,2015-03-27,51.380000,52.850000,51.380000,52.660000,9003971,0.0272115478396566
538,AAL,2015-03-30,53.240000,53.840000,53.050000,53.640000,8167282,0.0186099506266617
539,AAL,2015-03-31,53.660000,53.730000,52.680000,52.780000,8386414,-0.0160328113348247
540,AAL,2015-04-01,51.100000,51.380000,50.110000,50.440000,15191509,-0.0443349753694581
541,AAL,2015-04-02,50.480000,50.850000,49.150000,49.175000,14109775,-0.0250793021411578
542,AAL,2015-04-06,48.350000,48.690000,47.670000,48.080000,13323351,-0.0222674123029994
543,AAL,2015-04-07,48.300000,48.800000,47.490000,47.495000,9393200,-0.0121672212978369
544,AAL,2015-04-08,47.800000,49.086500,47.730000,48.740000,11180048,0.0262132856090115
545,AAL,2015-04-09,48.860000,49.480000,47.720000,47.840000,11576174,-0.0184653262207632
546,AAL,2015-04-10,48.160000,48.790000,47.720000,47.730000,11713378,-0.002299331103679
547,AAL,2015-04-13,47.470000,48.590000,47.470000,47.790000,9350279,0.001257071024513
548,AAL,2015-04-14,47.490000,47.780000,46.880000,47.420000,9878409,-0.0077422054823184
549,AAL,2015-04-15,48.000000,48.720000,47.670000,47.750000,9846675,0.0069590889919863
550,AAL,2015-04-16,47.810000,48.910000,47.750000,48.240000,7155874,0.010261780104712
551,AAL,2015-04-17,47.960000,48.650000,47.945100,48.190000,8659765,-0.0010364842454395
552,AAL,2015-04-20,48.610000,49.780000,47.910000,49.760000,9523520,0.0325793733139656
553,AAL,2015-04-21,50.000000,51.420000,49.460000,51.360000,10850327,0.0321543408360129
554,AAL,2015-04-22,51.400000,51.540000,50.400000,51.400000,7333255,0.0007788161993769
555,AAL,2015-04-23,51.070000,51.720000,50.700700,51.450000,9821775,0.0009727626459143
556,AAL,2015-04-24,51.980000,53.470000,51.490000,52.705000,20248074,0.0243926141885324
557,AAL,2015-04-27,52.680000,52.680000,51.695000,51.870000,9843392,-0.0158428991556778
558,AAL,2015-04-28,51.700000,51.820000,50.010000,51.190000,9235688,-0.0131096973202236
559,AAL,2015-04-29,50.580000,50.800000,47.660000,48.880000,18050280,-0.0451260011721038
560,AAL,2015-04-30,48.500000,49.460000,48.010000,48.285000,9400367,-0.0121726677577742
561,AAL,2015-05-01,48.650000,49.830000,48.510000,49.390000,8084568,0.0228849539194366
562,AAL,2015-05-04,49.410000,50.080000,48.800000,48.950000,5589831,-0.0089086859688195
563,AAL,2015-05-05,48.210000,48.710000,46.900000,47.005000,11384951,-0.0397344228804903
564,AAL,2015-05-06,46.780000,47.640000,46.150000,47.045000,10116405,0.0008509733007127
565,AAL,2015-05-07,47.400000,49.620000,47.400000,49.060000,11427992,0.0428313317036879
566,AAL,2015-05-08,49.230000,49.830000,48.930000,49.040000,6478195,-0.0004076640847942
567,AAL,2015-05-11,49.000000,50.300000,48.800000,49.645000,8036689,0.0123368678629691
568,AAL,2015-05-12,49.110000,49.400000,48.630000,48.850000,6820544,-0.0160136972504784
569,AAL,2015-05-13,49.270000,49.850000,48.400000,48.490000,8553119,-0.0073694984646878
570,AAL,2015-05-14,48.940000,49.090000,48.500000,48.815000,7980104,0.0067024128686326
571,AAL,2015-05-15,49.410000,49.450000,48.560000,48.665000,6650381,-0.0030728259756221
572,AAL,2015-05-18,48.560000,49.170000,48.380000,49.000000,6152250,0.0068837973903215
573,AAL,2015-05-19,49.450000,49.680000,47.700000,47.850000,14984942,-0.0234693877551019
574,AAL,2015-05-20,47.560000,47.560000,42.970000,43.060000,51460347,-0.1001044932079414
575,AAL,2015-05-21,43.190000,43.390000,42.400000,42.470000,23895773,-0.0137018114259174
576,AAL,2015-05-22,42.700000,42.930000,42.020000,42.610000,16113065,0.0032964445490935
577,AAL,2015-05-26,43.050000,43.090000,41.360000,41.555000,17481066,-0.0247594461394038
578,AAL,2015-05-27,41.650000,42.450000,41.600000,42.240000,13017827,0.0164841775959572
579,AAL,2015-05-28,42.250000,42.500000,41.770000,41.970000,9238835,-0.0063920454545455
580,AAL,2015-05-29,41.680000,42.600000,41.320000,42.370000,13236123,0.0095306171074576
581,AAL,2015-06-01,42.610000,44.380000,42.090000,44.180000,21917072,0.0427189048855323
582,AAL,2015-06-02,43.300000,44.105000,43.040000,43.775000,14832921,-0.0091670439112721
583,AAL,2015-06-03,43.350000,43.910000,43.010000,43.130000,13272584,-0.014734437464306
584,AAL,2015-06-04,43.050000,43.980000,41.880000,42.170000,14128026,-0.0222582888940412
585,AAL,2015-06-05,42.130000,42.580000,41.710000,41.720000,9951149,-0.0106710931942139
586,AAL,2015-06-08,41.070000,41.240000,39.270000,39.860000,25757794,-0.0445829338446788
587,AAL,2015-06-09,38.800000,40.720000,38.450000,40.325000,27024764,0.0116658304064225
588,AAL,2015-06-10,40.210000,41.213000,39.700000,40.430000,15731942,0.0026038437693738
589,AAL,2015-06-11,40.790000,41.260000,39.940000,40.020000,10116732,-0.0101409844175116
590,AAL,2015-06-12,39.840000,40.995000,39.760000,40.705000,10333824,0.0171164417791103
591,AAL,2015-06-15,40.350000,41.000000,40.010000,40.070000,8830268,-0.015600049134013
592,AAL,2015-06-16,40.130000,40.320200,39.320000,39.480000,9212092,-0.0147242325929624
593,AAL,2015-06-17,39.270000,40.090000,38.910000,39.880000,9567438,0.010131712259372
594,AAL,2015-06-18,39.800000,40.220000,39.610000,39.975000,10647022,0.0023821464393178
595,AAL,2015-06-19,40.300000,41.890000,40.300000,41.560000,20198313,0.0396497811131957
596,AAL,2015-06-22,42.920000,43.250000,42.240000,43.030000,15120162,0.0353705486044273
597,AAL,2015-06-23,42.980000,43.420000,42.350000,42.725000,10701960,-0.0070880780850569
598,AAL,2015-06-24,42.700000,42.920000,42.070000,42.240000,6895903,-0.0113516676418958
599,AAL,2015-06-25,42.650000,43.420000,42.200000,42.240000,8174154,0
600,AAL,2015-06-26,42.440000,42.580000,41.330000,41.440000,9819882,-0.018939393939394
601,AAL,2015-06-29,40.770000,41.320000,39.590000,39.750000,17651705,-0.0407818532818532
602,AAL,2015-06-30,40.200000,40.605000,39.930000,39.935000,11184512,0.0046540880503145
603,AAL,2015-07-01,40.650000,40.900000,37.800000,38.800000,24907070,-0.0284211844246902
604,AAL,2015-07-02,39.020000,39.805000,38.400000,39.030000,11080020,0.0059278350515465
605,AAL,2015-07-06,39.090000,40.000000,39.080000,39.730000,9157738,0.0179349218549831
606,AAL,2015-07-07,39.930000,40.740000,39.260000,40.675000,10375901,0.0237855524792347
607,AAL,2015-07-08,40.300000,40.310000,39.140000,39.310000,11193029,-0.0335586969883219
608,AAL,2015-07-09,39.840000,40.280000,39.655000,39.670000,8490876,0.0091579750699566
609,AAL,2015-07-10,40.510000,41.640000,40.500000,41.210000,16451679,0.0388202672044366
610,AAL,2015-07-13,41.960000,42.720000,41.960000,42.420000,12076978,0.0293618053870419
611,AAL,2015-07-14,42.040000,42.460000,41.290000,42.060000,12701464,-0.0084865629420084
612,AAL,2015-07-15,41.390000,42.220000,40.390000,41.540000,17922765,-0.0123632905373276
613,AAL,2015-07-16,41.810000,42.220000,41.300000,41.390000,12111338,-0.0036109773712084
614,AAL,2015-07-17,41.450000,41.840000,41.241000,41.400000,9735964,0.0002416042522348
615,AAL,2015-07-20,41.550000,41.710000,40.440000,40.550000,7645875,-0.0205314009661835
616,AAL,2015-07-21,40.500000,41.300000,40.490000,40.900000,7300014,0.0086313193588163
617,AAL,2015-07-22,40.960000,41.610000,40.960000,41.430000,8302897,0.012958435207824
618,AAL,2015-07-23,42.780000,43.810000,42.000000,42.610000,16579876,0.0284817764904659
619,AAL,2015-07-24,43.000000,43.110000,39.620000,39.630000,20152599,-0.0699366345928185
620,AAL,2015-07-27,39.630000,40.810000,38.900000,40.140000,12071366,0.0128690386071157
621,AAL,2015-07-28,40.180000,41.380000,40.180000,41.170000,8186041,0.0256601893373193
622,AAL,2015-07-29,41.090000,41.330000,40.440000,40.730000,6801435,-0.010687393733301
623,AAL,2015-07-30,40.580000,40.930000,39.920000,40.270000,5855845,-0.0112938865700955
624,AAL,2015-07-31,40.530000,40.540000,39.880000,40.100000,6955874,-0.0042215048423144
625,AAL,2015-08-03,40.240000,41.850000,40.210000,41.710000,9261863,0.0401496259351621
626,AAL,2015-08-04,42.150000,42.770000,41.880000,42.740000,13354267,0.0246943179093743
627,AAL,2015-08-05,42.850000,43.300000,42.592000,42.960000,7581022,0.0051474029012634
628,AAL,2015-08-06,43.250000,43.450000,41.760000,42.180000,7395473,-0.0181564245810056
629,AAL,2015-08-07,42.210000,42.480000,41.400000,41.490000,5588631,-0.0163584637268847
630,AAL,2015-08-10,41.750000,42.430000,41.450000,41.680000,6860606,0.0045794167269221
631,AAL,2015-08-11,41.740000,43.420000,41.650100,42.700000,10378553,0.0244721689059501
632,AAL,2015-08-12,42.370000,42.680000,40.680000,42.520000,10434817,-0.004215456674473
633,AAL,2015-08-13,42.760000,43.275000,42.270000,42.670000,6605820,0.0035277516462841
634,AAL,2015-08-14,42.350000,43.170000,42.350000,42.880000,4857867,0.0049214905085539
635,AAL,2015-08-17,42.960000,44.015000,42.820000,43.950000,8385397,0.0249533582089551
636,AAL,2015-08-18,44.060000,44.450000,43.240000,43.630000,6317183,-0.0072810011376563
637,AAL,2015-08-19,43.530000,44.270000,43.210000,43.530000,8373959,-0.0022920009168003
638,AAL,2015-08-20,42.840000,43.520000,41.780000,41.980000,8905660,-0.0356076269239605
639,AAL,2015-08-21,41.400000,41.600000,39.750000,39.750000,16241613,-0.0531205335874225
640,AAL,2015-08-24,36.000000,39.899900,34.100000,37.620000,19612661,-0.0535849056603774
641,AAL,2015-08-25,39.390000,39.490000,37.490000,37.500000,12820340,-0.0031897926634768
642,AAL,2015-08-26,38.770000,39.010000,36.970000,38.850000,15679843,0.036
643,AAL,2015-08-27,39.170000,39.450000,37.970000,39.030000,13793641,0.0046332046332047
644,AAL,2015-08-28,38.930000,39.580000,38.350000,38.620000,11824990,-0.0105047399436332
645,AAL,2015-08-31,38.630000,39.760000,38.620000,38.980000,12409620,0.0093215950284826
646,AAL,2015-09-01,38.630000,39.810000,38.500000,39.200000,16042613,0.0056439199589535
647,AAL,2015-09-02,40.000000,41.510000,39.800000,41.510000,19316788,0.0589285714285712
648,AAL,2015-09-03,41.840000,41.910000,40.780000,40.890000,9905603,-0.014936159961455
649,AAL,2015-09-04,40.400000,41.320000,40.150000,40.600000,9738424,-0.0070921985815602
650,AAL,2015-09-08,41.280000,41.580000,40.690000,40.800000,10814770,0.0049261083743841
651,AAL,2015-09-09,41.150000,42.180000,40.626800,41.000000,12481224,0.0049019607843137
652,AAL,2015-09-10,41.390000,41.880000,40.710000,41.210000,9181582,0.0051219512195122
653,AAL,2015-09-11,41.220000,42.150000,41.050000,42.150000,8635243,0.0228099975734044
654,AAL,2015-09-14,42.170000,42.500000,41.840000,42.290000,7362535,0.0033214709371294
655,AAL,2015-09-15,42.360000,42.850000,41.890000,42.640000,7009325,0.0082761882241664
656,AAL,2015-09-16,42.400000,43.246700,42.240000,43.060000,7703119,0.0098499061913697
657,AAL,2015-09-17,43.110000,44.590000,42.989900,43.990000,12835651,0.021597770552717
658,AAL,2015-09-18,43.430000,44.030000,43.275000,43.490000,12446861,-0.0113662195953625
659,AAL,2015-09-21,43.720000,44.005000,42.880000,43.230000,6687215,-0.0059783858358244
660,AAL,2015-09-22,42.770000,43.080000,40.920000,41.190000,12483661,-0.0471894517696044
661,AAL,2015-09-23,41.320000,41.500000,40.500100,41.240000,8248801,0.0012138868657443
662,AAL,2015-09-24,41.150000,41.150000,39.915000,40.250000,10507272,-0.0240058195926285
663,AAL,2015-09-25,40.930000,41.030000,39.920000,40.240000,7524947,-0.0002484472049688
664,AAL,2015-09-28,39.870000,40.180000,38.640000,39.080000,9635911,-0.0288270377733599
665,AAL,2015-09-29,39.050000,39.769300,38.790000,39.180000,7478790,0.0025588536335721
666,AAL,2015-09-30,39.180000,39.680000,37.720000,38.830000,15823720,-0.0089331291475243
667,AAL,2015-10-01,38.500000,39.270000,37.840000,39.200000,9175087,0.0095287149111513
668,AAL,2015-10-02,38.750000,38.770000,37.420000,38.630000,12276284,-0.0145408163265305
669,AAL,2015-10-05,38.900000,40.300000,38.820000,40.190000,9421801,0.040383121925964
670,AAL,2015-10-06,39.950000,40.370000,38.080000,38.130000,13031992,-0.0512565314754912
671,AAL,2015-10-07,38.410000,39.410000,37.760000,39.310000,10513746,0.030946761080514
672,AAL,2015-10-08,39.210000,40.030000,38.700000,39.740000,8308146,0.0109386924446706
673,AAL,2015-10-09,40.270000,42.490000,40.250000,42.420000,16835519,0.0674383492702566
674,AAL,2015-10-12,42.590000,43.880000,42.550000,43.840000,11443308,0.0334747760490334
675,AAL,2015-10-13,42.700000,43.970000,42.520000,43.410000,13250274,-0.0098083941605841
676,AAL,2015-10-14,44.000000,44.500000,43.230000,43.800000,11125778,0.0089841050449206
677,AAL,2015-10-15,44.100000,44.480000,43.500000,44.460000,8185398,0.015068493150685
678,AAL,2015-10-16,43.950000,44.020000,42.860000,43.710000,11572941,-0.0168690958164642
679,AAL,2015-10-19,43.830000,44.490000,43.620000,44.450000,8934601,0.0169297643559827
680,AAL,2015-10-20,44.540000,45.181100,44.450000,44.790000,7610771,0.0076490438695162
681,AAL,2015-10-21,44.490000,45.180000,44.090000,44.310000,6941202,-0.0107166778298726
682,AAL,2015-10-22,44.890000,46.010000,44.360000,45.990000,14444639,0.0379146919431279
683,AAL,2015-10-23,46.370000,46.420000,43.810000,45.670000,20281404,-0.0069580343552946
684,AAL,2015-10-26,45.360000,46.570000,44.990000,46.470000,11026228,0.0175169695642654
685,AAL,2015-10-27,46.410000,46.690000,45.650000,46.460000,6824082,-0.0002151925973745
686,AAL,2015-10-28,46.200000,46.360000,45.230000,45.860000,7629738,-0.012914334911752
687,AAL,2015-10-29,45.630000,46.100000,45.210000,45.860000,5234359,0
688,AAL,2015-10-30,45.770000,46.770000,45.710000,46.220000,8589743,0.0078499781945049
689,AAL,2015-11-02,46.200000,46.820000,46.200000,46.470000,6189311,0.0054089138900907
690,AAL,2015-11-03,47.020000,47.090000,46.080000,46.500000,6983205,0.0006455777921239
691,AAL,2015-11-04,46.420000,46.450000,45.150000,45.630000,8081357,-0.0187096774193548
692,AAL,2015-11-05,45.700000,45.830000,45.030000,45.600000,5865538,-0.0006574621959237
693,AAL,2015-11-06,45.510000,45.970000,45.050000,45.340000,11669625,-0.0057017543859648
694,AAL,2015-11-09,45.170000,45.210000,44.560000,44.650000,7214613,-0.0152183502426115
695,AAL,2015-11-10,44.660000,45.160000,44.020100,44.490000,5935317,-0.0035834266517356
696,AAL,2015-11-11,44.760000,44.950000,44.370000,44.390000,4416989,-0.0022476961114857
697,AAL,2015-11-12,44.290000,44.520000,43.820000,43.900000,5951056,-0.0110385221896823
698,AAL,2015-11-13,43.670000,44.230000,43.120000,43.450000,7486143,-0.0102505694760819
699,AAL,2015-11-16,42.410000,42.840000,41.850000,42.830000,10201130,-0.0142692750287688
700,AAL,2015-11-17,43.000000,43.460000,42.050000,42.300000,9596532,-0.0123745038524398
701,AAL,2015-11-18,42.320000,42.320000,41.010000,41.750000,11071087,-0.0130023640661938
702,AAL,2015-11-19,41.940000,42.729900,41.890000,42.300000,6545456,0.0131736526946106
703,AAL,2015-11-20,42.400000,42.710000,42.050000,42.200000,5655961,-0.0023640661938533
704,AAL,2015-11-23,42.110000,42.740000,41.810000,42.300000,4166051,0.0023696682464453
705,AAL,2015-11-24,41.020000,41.640000,40.450000,41.230000,7577977,-0.0252955082742316
706,AAL,2015-11-25,41.350000,41.500000,40.960000,41.310000,4276646,0.0019403347077371
707,AAL,2015-11-27,41.380000,42.250000,41.170100,41.690000,3066773,0.0091987412248848
708,AAL,2015-11-30,41.750000,41.990000,40.980000,41.260000,6450862,-0.0103142240345406
709,AAL,2015-12-01,41.470000,43.300000,41.300000,43.260000,8912859,0.0484730974309257
710,AAL,2015-12-02,44.090000,44.530000,43.530000,43.820000,8010351,0.0129449838187702
711,AAL,2015-12-03,43.650000,44.600000,42.920000,43.270000,7235252,-0.012551346417161
712,AAL,2015-12-04,43.820000,44.990000,43.820000,44.970000,9460935,0.03928819043217
713,AAL,2015-12-07,45.350000,46.490000,45.220000,45.780000,8911719,0.0180120080053369
714,AAL,2015-12-08,45.100000,45.510000,44.070000,44.550000,9043652,-0.026867627785059
715,AAL,2015-12-09,44.300000,45.190000,43.190000,43.650000,8001019,-0.0202020202020202
716,AAL,2015-12-10,43.790000,44.480000,43.540000,44.090000,7955619,0.0100801832760597
717,AAL,2015-12-11,43.280000,43.586900,42.060000,42.090000,10235210,-0.0453617600362894
718,AAL,2015-12-14,42.260000,42.870000,41.080000,41.770000,10778159,-0.0076027559990496
719,AAL,2015-12-15,41.970000,42.820000,41.920000,42.595000,7097307,0.0197510174766577
720,AAL,2015-12-16,42.990000,43.490000,42.120000,43.200000,7850944,0.0142035450170208
721,AAL,2015-12-17,43.330000,43.950000,42.450000,42.460000,7224974,-0.0171296296296297
722,AAL,2015-12-18,41.610000,42.310000,40.700000,41.090000,17809958,-0.0322656617993405
723,AAL,2015-12-21,41.350000,42.430000,41.350000,42.400000,6597508,0.0318812363105376
724,AAL,2015-12-22,42.560000,43.080000,42.359900,42.895000,5704730,0.0116745283018868
725,AAL,2015-12-23,42.780000,43.385000,42.430000,43.290000,6093603,0.0092085324629909
726,AAL,2015-12-24,43.270000,44.190000,43.110000,43.810000,3307108,0.0120120120120121
727,AAL,2015-12-28,43.620000,44.040000,42.910000,43.230000,4148045,-0.0132389865327552
728,AAL,2015-12-29,43.250000,43.620000,43.030000,43.500000,4006937,0.0062456627342124
729,AAL,2015-12-30,43.640000,43.640000,42.460000,42.800000,5463608,-0.0160919540229885
730,AAL,2015-12-31,42.540000,42.570000,41.830000,42.350000,6813757,-0.0105140186915886
731,AAL,2016-01-04,41.290000,41.350100,40.300000,40.910000,12037151,-0.0340023612750887
732,AAL,2016-01-05,41.180000,41.490000,39.950000,40.520000,10514164,-0.009533121486189
733,AAL,2016-01-06,40.050000,41.700000,40.000000,41.230000,12393780,0.0175222112537016
734,AAL,2016-01-07,40.970000,41.520000,39.680000,40.450000,11312876,-0.0189182634004364
735,AAL,2016-01-08,40.940000,41.360000,40.260000,40.370000,8853096,-0.0019777503090235
736,AAL,2016-01-11,40.560000,41.200000,39.900000,41.080000,15877511,0.0175873173148377
737,AAL,2016-01-12,41.150000,42.360000,40.480000,42.000000,12635992,0.0223953261927944
738,AAL,2016-01-13,42.170000,42.740000,39.660000,40.100000,12718577,-0.0452380952380951
739,AAL,2016-01-14,40.210000,40.780000,38.860000,40.550000,11756473,0.0112219451371569
740,AAL,2016-01-15,39.040000,39.890000,38.370000,38.760000,18924825,-0.0441430332922317
741,AAL,2016-01-19,39.590000,39.780000,38.210000,38.860000,10505908,0.002579979360165
742,AAL,2016-01-20,38.530000,39.845000,36.200000,39.060000,16089109,0.0051466803911477
743,AAL,2016-01-21,38.930000,40.000000,38.020000,39.790000,9781683,0.0186891961085509
744,AAL,2016-01-22,40.000000,40.720000,39.570000,40.160000,7247031,0.009298818798693
745,AAL,2016-01-25,40.020000,40.160000,38.820000,38.880000,10113170,-0.0318725099601592
746,AAL,2016-01-26,38.730000,39.750000,38.440000,39.640000,8099029,0.0195473251028805
747,AAL,2016-01-27,40.150000,40.870000,39.480000,39.690000,10185956,0.0012613521695257
748,AAL,2016-01-28,39.610000,39.790000,37.660000,38.140000,17112266,-0.039052658100277
749,AAL,2016-01-29,37.520000,39.085000,36.598200,38.990000,20957476,0.0222863135815416
750,AAL,2016-02-01,39.000000,39.940000,38.630000,39.380000,12023520,0.0100025647601948
751,AAL,2016-02-02,38.830000,38.970000,37.000000,37.030000,12401401,-0.0596749619095988
752,AAL,2016-02-03,37.380000,37.610000,35.755000,37.510000,12391194,0.0129624628679447
753,AAL,2016-02-04,37.340000,38.600000,36.701000,38.210000,8599627,0.0186616902159424
754,AAL,2016-02-05,37.710000,38.490000,36.530000,36.750000,10072744,-0.0382098926982465
755,AAL,2016-02-08,36.080000,36.160000,34.760000,35.550000,12821858,-0.0326530612244898
756,AAL,2016-02-09,34.930000,36.750000,34.910000,36.190000,11143254,0.0180028129395217
757,AAL,2016-02-10,36.570000,37.640000,36.530100,37.120000,8114127,0.0256977065487704
758,AAL,2016-02-11,36.470000,37.219900,36.170000,36.490000,8096032,-0.0169719827586205
759,AAL,2016-02-12,36.920000,37.980000,36.420000,37.820000,9412821,0.03644834201151
760,AAL,2016-02-16,38.130000,38.770000,37.530000,38.610000,7147467,0.0208884188260178
761,AAL,2016-02-17,38.950000,39.830000,38.870000,39.340000,8432477,0.018907018907019
762,AAL,2016-02-18,39.360000,39.680000,38.960000,39.540000,9605849,0.0050838840874427
763,AAL,2016-02-19,39.160000,40.070000,39.040000,39.760000,11052389,0.005563985837127
764,AAL,2016-02-22,40.140000,40.930000,40.070000,40.840000,9997306,0.0271629778672033
765,AAL,2016-02-23,40.560000,40.810000,40.170000,40.380000,6432202,-0.0112634671890303
766,AAL,2016-02-24,40.020000,40.830000,39.390000,40.660000,6103693,0.0069341258048536
767,AAL,2016-02-25,40.760000,41.380000,40.410000,41.360000,6936437,0.0172159370388589
768,AAL,2016-02-26,41.500000,41.600000,40.380000,40.870000,7467225,-0.0118471953578337
769,AAL,2016-02-29,40.770000,41.340000,40.500000,41.000000,5791341,0.0031808172253486
770,AAL,2016-03-01,41.440000,42.020000,41.060000,41.830000,7885768,0.0202439024390244
771,AAL,2016-03-02,41.470000,41.800000,41.290000,41.590000,7913743,-0.0057375089648575
772,AAL,2016-03-03,41.520000,42.240000,41.230000,41.880000,8812844,0.0069728300072131
773,AAL,2016-03-04,42.170000,42.170000,41.420000,41.630000,9474058,-0.0059694364851957
774,AAL,2016-03-07,41.310000,42.230000,40.900000,42.130000,6961033,0.0120105693009848
775,AAL,2016-03-08,41.300000,41.410000,40.050000,40.770000,8418307,-0.0322810348920009
776,AAL,2016-03-09,40.740000,41.720000,40.520000,41.650000,8546320,0.0215844984056903
777,AAL,2016-03-10,42.110000,42.110000,40.910000,41.630000,5814184,-0.0004801920768305
778,AAL,2016-03-11,41.890000,42.500000,41.700000,42.470000,5701486,0.0201777564256544
779,AAL,2016-03-14,42.310000,42.700000,42.120000,42.590000,4567995,0.0028255238992231
780,AAL,2016-03-15,42.300000,42.486600,41.980000,42.110000,4445364,-0.0112702512326837
781,AAL,2016-03-16,41.810000,42.430000,41.590300,42.310000,4792939,0.0047494656851105
782,AAL,2016-03-17,42.310000,42.310000,41.820000,42.100000,5960628,-0.0049633656346017
783,AAL,2016-03-18,42.310000,43.530000,41.750000,43.440000,13745965,0.0318289786223278
784,AAL,2016-03-21,43.320000,43.780000,43.280000,43.470000,4756375,0.0006906077348065
785,AAL,2016-03-22,42.000000,43.020000,41.840000,42.760000,6721590,-0.016333103289625
786,AAL,2016-03-23,42.800000,42.859900,41.580000,41.920000,9583382,-0.0196445275958838
787,AAL,2016-03-24,41.880000,41.950000,40.190000,40.500000,12515149,-0.0338740458015267
788,AAL,2016-03-28,41.000000,41.340000,40.330000,40.910000,6402846,0.0101234567901233
789,AAL,2016-03-29,40.900000,41.429500,40.770000,41.350000,6794023,0.0107553165485212
790,AAL,2016-03-30,41.750000,42.069900,41.360000,41.380000,6076819,0.0007255139056832
791,AAL,2016-03-31,41.500000,41.680000,40.980000,41.010000,8138009,-0.0089415176413727
792,AAL,2016-04-01,40.130000,40.160000,39.270000,39.520000,11244108,-0.0363326018044378
793,AAL,2016-04-04,39.810000,40.240000,39.151100,39.370000,7831606,-0.0037955465587046
794,AAL,2016-04-05,39.130000,39.380000,38.740000,38.930000,7648428,-0.0111760223520446
795,AAL,2016-04-06,39.070000,39.070000,38.340000,38.900000,5649968,-0.0007706139224249
796,AAL,2016-04-07,38.660000,39.050000,37.910000,38.360000,8206668,-0.0138817480719793
797,AAL,2016-04-08,38.700000,38.720000,38.120000,38.500000,6087408,0.0036496350364962
798,AAL,2016-04-11,38.790000,39.550000,38.670000,38.730000,7932341,0.0059740259740259
799,AAL,2016-04-12,38.820000,39.430000,38.760000,39.190000,6426030,0.0118770978569584
800,AAL,2016-04-13,39.300000,40.010000,38.890000,39.940000,12493627,0.0191375350854809
801,AAL,2016-04-14,40.340000,41.660000,40.249600,41.170000,10133381,0.0307961942914372
802,AAL,2016-04-15,41.300000,41.360000,40.720000,40.910000,6982204,-0.0063152781151325
803,AAL,2016-04-18,41.180000,41.260000,40.435000,40.920000,5245673,0.0002444390124665
804,AAL,2016-04-19,40.990000,41.760000,40.965800,41.340000,6650663,0.0102639296187683
805,AAL,2016-04-20,41.360000,41.710000,41.110000,41.260000,5018209,-0.0019351717464926
806,AAL,2016-04-21,40.800000,40.930000,39.800000,40.010000,10782629,-0.0302956858943286
807,AAL,2016-04-22,37.680000,38.490000,37.010000,38.210000,20939508,-0.0449887528117969
808,AAL,2016-04-25,38.160000,38.400000,36.915000,37.000000,12670142,-0.0316671028526563
809,AAL,2016-04-26,37.270000,37.490000,36.260000,36.920000,14692670,-0.0021621621621621
810,AAL,2016-04-27,36.790000,37.290000,36.520000,36.710000,12305033,-0.0056879739978331
811,AAL,2016-04-28,37.040000,37.090000,35.890000,35.970000,9836832,-0.0201579950967039
812,AAL,2016-04-29,35.810000,35.830000,34.100000,34.690000,17807211,-0.0355852098971365
813,AAL,2016-05-02,34.990000,35.165000,34.400000,34.430000,8829819,-0.0074949553185355
814,AAL,2016-05-03,34.760000,34.770000,33.850000,34.580000,10674224,0.0043566656985187
815,AAL,2016-05-04,34.170000,34.300000,33.000000,33.210000,13412403,-0.0396182764603816
816,AAL,2016-05-05,33.280000,33.520000,32.730000,32.805000,11606138,-0.0121951219512195
817,AAL,2016-05-06,32.670000,33.150000,32.190000,33.030000,12749112,0.0068587105624142
818,AAL,2016-05-09,33.030000,33.800000,32.940000,32.940000,9312525,-0.0027247956403271
819,AAL,2016-05-10,33.240000,33.800000,33.090000,33.770000,8124367,0.0251973284760171
820,AAL,2016-05-11,33.680000,34.040000,32.850000,32.860000,8148588,-0.0269469943737046
821,AAL,2016-05-12,33.010000,33.019900,31.290000,31.330000,14228217,-0.0465611685940353
822,AAL,2016-05-13,31.090000,32.010000,31.080000,31.510000,10132516,0.0057452920523461
823,AAL,2016-05-16,31.810000,32.300000,30.990000,32.120000,12397759,0.01935893367185
824,AAL,2016-05-17,32.250000,33.290000,32.020000,32.640000,13303448,0.0161892901618929
825,AAL,2016-05-18,32.610000,33.360000,32.340000,32.610000,9136275,-0.0009191176470588
826,AAL,2016-05-19,32.280000,32.590000,31.690000,32.150000,8875353,-0.0141061024225698
827,AAL,2016-05-20,32.300000,32.810000,31.950000,32.010000,7277953,-0.0043545878693623
828,AAL,2016-05-23,32.030000,32.290000,31.700000,31.730000,6498413,-0.0087472664792251
829,AAL,2016-05-24,31.890000,32.275000,31.850000,32.150000,6962729,0.0132366845256854
830,AAL,2016-05-25,32.390000,32.900000,32.100000,32.170000,7403238,0.0006220839813375
831,AAL,2016-05-26,32.130000,32.341000,31.370000,31.510000,7222797,-0.0205160087037612
832,AAL,2016-05-27,31.600000,31.840000,31.413700,31.650000,8573689,0.0044430339574736
833,AAL,2016-05-31,31.750000,31.970000,31.330000,31.910000,9618738,0.008214849921011
834,AAL,2016-06-01,31.940000,32.260000,31.730000,31.950000,6416243,0.0012535255405827
835,AAL,2016-06-02,31.670000,32.070000,31.579900,31.670000,6813295,-0.0087636932707354
836,AAL,2016-06-03,31.590000,31.600000,30.370000,30.810000,12424133,-0.0271550363119672
837,AAL,2016-06-06,30.770000,31.300000,30.380000,31.260000,8335439,0.0146056475170399
838,AAL,2016-06-07,31.460000,32.870000,31.100000,32.360000,12424206,0.0351887396033268
839,AAL,2016-06-08,32.630000,32.970000,32.220000,32.510000,8173130,0.0046353522867736
840,AAL,2016-06-09,32.250000,33.580000,32.250000,33.400000,8188322,0.0273761919409412
841,AAL,2016-06-10,32.800000,33.479200,32.640000,33.140000,8252308,-0.0077844311377245
842,AAL,2016-06-13,32.990000,32.990000,31.640000,31.800000,9225556,-0.0404345202172601
843,AAL,2016-06-14,31.810000,31.970000,30.020000,30.360000,13802855,-0.0452830188679245
844,AAL,2016-06-15,30.650000,31.100000,30.450000,30.490000,8152256,0.0042819499341237
845,AAL,2016-06-16,29.800000,29.800000,29.020000,29.140000,18236714,-0.0442768120695309
846,AAL,2016-06-17,29.100000,29.550000,28.850000,29.340000,15301910,0.0068634179821551
847,AAL,2016-06-20,29.750000,30.390000,29.640000,29.710000,8359297,0.0126107702794819
848,AAL,2016-06-21,30.290000,30.390000,29.690000,30.020000,8922946,0.0104341972399863
849,AAL,2016-06-22,30.050000,30.330000,29.820000,29.890000,6675906,-0.0043304463690871
850,AAL,2016-06-23,30.250000,30.490000,29.770000,30.330000,9139949,0.0147206423553027
851,AAL,2016-06-24,28.200000,28.500000,27.040000,27.050000,36049898,-0.1081437520606659
852,AAL,2016-06-27,26.850000,26.850000,24.850000,25.270000,23200027,-0.065804066543438
853,AAL,2016-06-28,26.120000,26.880000,25.760000,26.770000,20026097,0.0593589236248515
854,AAL,2016-06-29,26.940000,28.065000,26.940000,27.700000,15008769,0.0347403810235338
855,AAL,2016-06-30,27.860000,28.310000,27.490000,28.310000,11148266,0.0220216606498195
856,AAL,2016-07-01,28.260000,29.520000,28.200000,29.330000,13249962,0.0360296714941716
857,AAL,2016-07-05,29.090000,29.160000,28.190000,28.930000,9467046,-0.0136379133992499
858,AAL,2016-07-06,27.760000,28.400000,27.120000,28.350000,18757538,-0.0200483926719667
859,AAL,2016-07-07,28.390000,29.470000,28.310000,29.400000,11779807,0.0370370370370369
860,AAL,2016-07-08,29.800000,30.276600,29.700000,30.040000,13659253,0.0217687074829933
861,AAL,2016-07-11,30.230000,31.440000,30.220000,31.160000,12374382,0.03728362183755
862,AAL,2016-07-12,32.780000,34.890000,32.750000,34.660000,25515686,0.112323491655969
863,AAL,2016-07-13,35.000000,35.290000,34.115000,34.450000,15215087,-0.0060588574725907
864,AAL,2016-07-14,35.110000,36.190000,35.000000,35.880000,16884414,0.0415094339622641
865,AAL,2016-07-15,35.510000,36.060000,35.320000,35.890000,9817118,0.0002787068004459
866,AAL,2016-07-18,36.030000,36.340000,35.760000,36.030000,8606791,0.0039008080245193
867,AAL,2016-07-19,35.780000,36.080000,35.330000,36.010000,7956271,-0.0005550929780738
868,AAL,2016-07-20,36.070000,36.725000,35.390000,35.920000,13098351,-0.002499305748403
869,AAL,2016-07-21,35.100000,35.560000,34.440000,34.960000,16429851,-0.0267260579064587
870,AAL,2016-07-22,36.450000,36.560000,35.600000,36.360000,14704699,0.040045766590389
871,AAL,2016-07-25,36.350000,36.398900,35.520000,35.800000,9526661,-0.0154015401540155
872,AAL,2016-07-26,35.910000,36.680000,35.650000,36.550000,8871189,0.020949720670391
873,AAL,2016-07-27,36.500000,36.600000,35.900000,36.200000,6671186,-0.0095759233926127
874,AAL,2016-07-28,36.070000,36.530000,35.750000,36.340000,6519640,0.003867403314917
875,AAL,2016-07-29,36.260000,36.739000,35.500000,35.500000,9138561,-0.023115024766098
876,AAL,2016-08-01,35.540000,35.750000,35.100000,35.600000,7058968,0.0028169014084507
877,AAL,2016-08-02,35.390000,35.400000,33.380000,33.510000,12100443,-0.0587078651685394
878,AAL,2016-08-03,33.470000,33.960000,33.170000,33.480000,8254209,-0.0008952551477171
879,AAL,2016-08-04,33.570000,33.770000,33.000000,33.580000,6384697,0.0029868578255676
880,AAL,2016-08-05,33.710000,34.720000,33.680000,34.440000,16437181,0.0256104824300178
881,AAL,2016-08-08,34.220000,34.880000,34.120000,34.350000,7142394,-0.0026132404181183
882,AAL,2016-08-09,35.210000,35.500000,34.540000,34.590000,7307238,0.0069868995633188
883,AAL,2016-08-10,34.590000,34.750000,33.740000,34.180000,5878383,-0.0118531367447239
884,AAL,2016-08-11,34.250000,35.080000,34.240000,34.960000,7666723,0.0228203627852545
885,AAL,2016-08-12,34.740000,35.170000,34.660000,34.920000,6064005,-0.0011441647597253
886,AAL,2016-08-15,34.960000,36.050000,34.900000,35.870000,7137204,0.0272050400916379
887,AAL,2016-08-16,35.670000,36.790000,35.630000,36.750000,9384959,0.0245330359632005
888,AAL,2016-08-17,36.680000,36.750000,36.190000,36.600000,8002043,-0.0040816326530611
889,AAL,2016-08-18,36.430000,36.695000,36.050000,36.670000,5293057,0.0019125683060108
890,AAL,2016-08-19,36.440000,36.740000,36.101000,36.490000,6675287,-0.0049086446686664
891,AAL,2016-08-22,36.330000,36.480000,35.860000,36.000000,5189371,-0.0134283365305564
892,AAL,2016-08-23,36.320000,36.650000,36.180000,36.400000,5402244,0.011111111111111
893,AAL,2016-08-24,36.270000,36.990000,36.190000,36.650000,5946506,0.0068681318681318
894,AAL,2016-08-25,36.340000,36.940000,36.320000,36.720000,5446011,0.0019099590723055
895,AAL,2016-08-26,36.680000,36.840000,36.020000,36.230000,6257687,-0.0133442265795207
896,AAL,2016-08-29,36.130000,36.410000,36.050000,36.170000,4760672,-0.0016560861164779
897,AAL,2016-08-30,35.450000,37.355000,35.350000,37.050000,14509340,0.0243295548797344
898,AAL,2016-08-31,36.970000,36.980000,35.630000,36.300000,13111735,-0.020242914979757
899,AAL,2016-09-01,36.530000,36.710000,35.880000,36.240000,6940639,-0.0016528925619833
900,AAL,2016-09-02,36.000000,36.700000,36.000000,36.530000,5429115,0.0080022075055188
901,AAL,2016-09-06,36.450000,36.970000,36.360000,36.960000,5501735,0.0117711470024637
902,AAL,2016-09-07,37.500000,39.520000,37.420000,38.750000,13774999,0.0484307359307358
903,AAL,2016-09-08,38.680000,39.410000,38.430000,39.350000,7101532,0.015483870967742
904,AAL,2016-09-09,39.000000,39.340000,38.170000,38.490000,8623597,-0.0218551461245234
905,AAL,2016-09-12,37.220000,38.380000,36.620000,38.340000,11959828,-0.0038971161340607
906,AAL,2016-09-13,38.120000,38.310000,37.220000,37.370000,9330297,-0.0252999478351592
907,AAL,2016-09-14,37.000000,37.200000,36.250000,36.390000,8092808,-0.0262242440460261
908,AAL,2016-09-15,36.310000,36.630000,35.850000,36.410000,7805325,0.0005496015388841
909,AAL,2016-09-16,36.260000,36.360000,35.470000,35.490000,10724815,-0.0252677835759405
910,AAL,2016-09-19,35.660000,36.110000,35.350000,35.440000,5422349,-0.0014088475626938
911,AAL,2016-09-20,35.750000,35.860000,35.130000,35.150000,6666508,-0.0081828442437923
912,AAL,2016-09-21,35.000000,35.150000,33.900000,34.670000,10408214,-0.0136557610241819
913,AAL,2016-09-22,34.960000,36.030000,34.850000,35.250000,7438727,0.0167291606576289
914,AAL,2016-09-23,35.300000,35.670000,34.960000,35.550000,4603182,0.0085106382978723
915,AAL,2016-09-26,35.190000,35.545600,34.860000,34.930000,7353514,-0.0174402250351616
916,AAL,2016-09-27,34.980000,36.125000,34.900000,36.000000,5068871,0.0306326939593473
917,AAL,2016-09-28,36.100000,36.860000,35.775000,35.840000,6291604,-0.0044444444444443
918,AAL,2016-09-29,35.650000,36.600000,35.600000,35.820000,6183332,-0.0005580357142858
919,AAL,2016-09-30,35.980000,36.990000,35.860100,36.610000,7429336,0.0220547180346175
920,AAL,2016-10-03,36.460000,37.750000,36.330000,37.700000,8878923,0.0297732859874351
921,AAL,2016-10-04,38.390000,38.780000,37.550000,37.630000,9065626,-0.0018567639257294
922,AAL,2016-10-05,37.820000,38.115000,37.310000,37.870000,4713128,0.0063778899813977
923,AAL,2016-10-06,37.830000,38.220000,37.570000,38.170000,5160788,0.007921837866385
924,AAL,2016-10-07,38.250000,38.481000,37.400000,37.730000,5133308,-0.0115273775216139
925,AAL,2016-10-10,37.950000,38.950000,37.470000,38.890000,6939866,0.030744765438643
926,AAL,2016-10-11,39.990000,39.990000,38.060000,38.200000,10034719,-0.017742350218565
927,AAL,2016-10-12,38.120000,38.384300,37.360000,37.380000,7410000,-0.0214659685863873
928,AAL,2016-10-13,36.950000,39.500000,36.801000,39.240000,14773296,0.0497592295345103
929,AAL,2016-10-14,39.450000,39.920000,38.585000,38.650000,8871203,-0.0150356778797147
930,AAL,2016-10-17,38.660000,39.730000,38.370000,38.580000,5602040,-0.0018111254851228
931,AAL,2016-10-18,38.840000,39.890000,38.840000,39.350000,10538152,0.0199585277345775
932,AAL,2016-10-19,39.480000,40.810000,39.400000,40.630000,12764197,0.0325285895806861
933,AAL,2016-10-20,40.930000,40.930000,39.414800,40.590000,14695860,-0.0009844942160964
934,AAL,2016-10-21,39.970000,40.245000,39.650000,39.900000,9981485,-0.0169992609017
935,AAL,2016-10-24,40.250000,40.550000,39.770000,39.830000,6466782,-0.0017543859649122
936,AAL,2016-10-25,39.660000,40.430000,39.360000,39.690000,6020181,-0.0035149384885764
937,AAL,2016-10-26,38.570000,40.260000,38.210000,39.320000,10112314,-0.0093222474174854
938,AAL,2016-10-27,39.450000,40.180000,39.260000,39.910000,6542122,0.0150050864699897
939,AAL,2016-10-28,39.850000,40.570000,39.800000,40.060000,6710739,0.0037584565271862
940,AAL,2016-10-31,40.310000,40.810000,40.080000,40.600000,5961076,0.0134797803295056
941,AAL,2016-11-01,40.510000,40.850000,39.565000,39.800000,9028663,-0.019704433497537
942,AAL,2016-11-02,39.720000,40.250000,39.620000,39.710000,5274455,-0.0022613065326632
943,AAL,2016-11-03,39.780000,40.240000,39.300000,39.380000,6006541,-0.0083102493074791
944,AAL,2016-11-04,39.270000,40.220000,39.240000,39.740000,6717513,0.0091416962925343
945,AAL,2016-11-07,40.390000,41.650000,40.310000,41.490000,8334221,0.0440362355309511
946,AAL,2016-11-08,41.420000,41.850000,41.020000,41.700000,5725832,0.005061460592914
947,AAL,2016-11-09,40.760000,42.750000,40.440000,42.410000,8392383,0.0170263788968823
948,AAL,2016-11-10,42.710000,43.390000,42.150000,42.300000,8666121,-0.0025937278943645
949,AAL,2016-11-11,42.070000,42.950000,41.680000,42.930000,6623490,0.0148936170212765
950,AAL,2016-11-14,43.010000,43.610000,42.980000,43.400000,7773627,0.0109480549732121
951,AAL,2016-11-15,45.000000,45.280000,43.590000,44.760000,13166625,0.0313364055299538
952,AAL,2016-11-16,44.660000,44.795000,43.930000,44.450000,6166966,-0.0069258266309203
953,AAL,2016-11-17,44.390000,45.850000,44.050000,45.830000,8558682,0.0310461192350954
954,AAL,2016-11-18,46.150000,46.490000,45.620000,46.260000,7795053,0.0093825005454941
955,AAL,2016-11-21,46.460000,46.750000,45.950000,46.080000,6651810,-0.0038910505836575
956,AAL,2016-11-22,46.030000,46.950000,45.950000,46.080000,5781259,0
957,AAL,2016-11-23,46.050000,46.390000,45.700000,46.340000,5160176,0.0056423611111111
958,AAL,2016-11-25,46.340000,46.860000,46.300000,46.820000,2426632,0.0103582218385842
959,AAL,2016-11-28,46.640000,46.885000,45.660000,46.500000,7369639,-0.0068346860316104
960,AAL,2016-11-29,46.590000,47.140000,46.170000,46.890000,4885442,0.0083870967741934
961,AAL,2016-11-30,46.140000,46.860000,45.420000,46.440000,7904220,-0.0095969289827255
962,AAL,2016-12-01,46.200000,47.090000,45.660000,45.750000,7435186,-0.0148578811369508
963,AAL,2016-12-02,46.090000,46.860000,45.910000,46.100000,6505099,0.0076502732240437
964,AAL,2016-12-05,46.450000,46.540100,45.580000,45.720000,5256443,-0.0082429501084598
965,AAL,2016-12-06,46.160000,46.550000,45.920000,46.430000,5334516,0.0155293088363954
966,AAL,2016-12-07,46.610000,48.935000,46.520000,48.650000,10210334,0.0478139134180486
967,AAL,2016-12-08,48.600000,48.600000,47.700000,48.050000,6239952,-0.0123329907502569
968,AAL,2016-12-09,49.270000,50.640000,48.740000,49.640000,9850774,0.0330905306971904
969,AAL,2016-12-12,49.160000,49.340000,47.440000,47.590000,8643546,-0.0412973408541498
970,AAL,2016-12-13,47.940000,48.490000,47.710000,47.840000,6147695,0.0052532044547173
971,AAL,2016-12-14,47.840000,48.750000,47.805000,47.920000,5293889,0.0016722408026754
972,AAL,2016-12-15,48.100000,49.950000,48.100000,48.300000,7530837,0.0079298831385641
973,AAL,2016-12-16,48.610000,49.070000,47.560000,47.630000,9299673,-0.0138716356107659
974,AAL,2016-12-19,47.890000,48.600000,47.740000,48.580000,4729855,0.0199454125551121
975,AAL,2016-12-20,48.500000,49.500000,48.500000,49.220000,4814999,0.0131741457389873
976,AAL,2016-12-21,49.340000,49.900000,49.230000,49.470000,3827868,0.005079236082893
977,AAL,2016-12-22,49.350000,49.450000,48.460000,48.690000,3618731,-0.015767131594906
978,AAL,2016-12-23,48.610000,48.840000,48.285000,48.480000,2915271,-0.0043130006161429
979,AAL,2016-12-27,48.290000,48.920000,48.140000,48.610000,2797847,0.0026815181518151
980,AAL,2016-12-28,48.730000,48.830000,47.610000,47.670000,4153630,-0.0193375848590824
981,AAL,2016-12-29,47.800000,48.000000,46.960000,47.250000,3709262,-0.0088105726872247
982,AAL,2016-12-30,47.420000,47.660000,46.470000,46.690000,4495016,-0.0118518518518518
983,AAL,2017-01-03,47.280000,47.340000,46.135000,46.300000,6737752,-0.0083529663739558
984,AAL,2017-01-04,46.630000,47.435000,46.350000,46.700000,5859604,0.0086393088552916
985,AAL,2017-01-05,46.520000,46.930000,45.610000,45.890000,6825316,-0.0173447537473233
986,AAL,2017-01-06,45.850000,46.720000,45.470000,46.210000,7260197,0.0069731967748964
987,AAL,2017-01-09,46.010000,47.340000,45.780000,47.080000,4739142,0.0188270937026617
988,AAL,2017-01-10,47.000000,48.510000,46.970000,48.480000,7483764,0.0297366185216652
989,AAL,2017-01-11,49.290000,49.900000,48.100000,48.640000,6925770,0.0033003300330034
990,AAL,2017-01-12,48.670000,49.000000,46.840000,48.100000,5448098,-0.0111019736842105
991,AAL,2017-01-13,48.160000,48.430000,47.540000,47.650000,3541980,-0.0093555093555094
992,AAL,2017-01-17,47.560000,47.750000,46.670000,46.750000,5350794,-0.0188877229800629
993,AAL,2017-01-18,47.393800,47.800000,46.650000,47.640000,5176524,0.0190374331550802
994,AAL,2017-01-19,47.640000,48.090000,46.880000,47.260000,3729315,-0.0079764903442486
995,AAL,2017-01-20,47.540000,48.160000,47.240000,48.000000,5611793,0.0156580617858654
996,AAL,2017-01-23,47.900000,48.090000,46.750000,46.940000,4284196,-0.0220833333333333
997,AAL,2017-01-24,47.050000,47.800000,46.800000,47.540000,4926677,0.0127822752449935
998,AAL,2017-01-25,47.900000,48.210000,47.610000,47.910000,5139002,0.0077829196466132
999,AAL,2017-01-26,48.430000,49.710000,48.330000,49.590000,10332849,0.0350657482780214
1000,AAL,2017-01-27,50.000000,50.000000,46.720000,46.950000,19411050,-0.0532365396249243
