ticker,return,volatility,volume,cluster,cluster_proba
A,0.0005003374445047694,0.013895219002576746,2311301.253634895,2,0.9538484293309603
AAL,0.0012390891137077718,0.02145918043507944,9371459.892568659,0,0.5767258549707971
AAP,0.00046409265787350306,0.01677918187944387,1079500.7075928918,2,0.7669557256516958
AAPL,0.0008626870032858818,0.013725381911146015,52943511.62520194,3,1.0
ABBV,0.0010341047590323425,0.015242414834645142,7880942.352180937,0,0.9092708019826864
ABC,0.0006342364745161643,0.012339064333027606,2010801.4297253634,2,0.9802366273339861
ABT,0.0004958558971080035,0.011550317205895685,6939432.408723748,0,0.9186624444964778
ACN,0.0006232505528626448,0.011167097983062216,2602799.662358643,2,0.9703442949084815
ADBE,0.0013569808390741936,0.014291510999539679,2993698.4676898224,0,0.7209237716968857
ADI,0.0006037767074252886,0.013933324218594315,2451755.777867528,2,0.9420330046234329
ADM,0.0003148781390009229,0.013373851374637386,3614422.440226171,2,0.7387482932285446
ADP,0.0005320433313913989,0.010381647318734383,2024647.4604200323,2,0.9872957689485988
ADS,0.00050475871808683,0.015338581821742246,622034.1001615509,2,0.9114676629355695
ADSK,0.0009915295382520004,0.01772746966071986,2458306.1373182554,0,0.7354722828528572
AEE,0.00042151514724605895,0.010374315878290134,1618644.1526655897,2,0.9893108576526882
AEP,0.00030449336571685564,0.010083946170950068,2783500.158319871,2,0.9632119964938811
AES,-1.8147314396157055e-05,0.015138657202325502,5558303.360258481,0,0.9971201174955712
AET,0.0011523985737139151,0.013962271648951379,2703723.841680129,2,0.6988411979562541
AFL,0.00047015803075201745,0.009687179303600135,2080834.8836833602,2,0.9868370040630368
AGN,0.0006913286721544161,0.016562723541892248,2909730.440226171,2,0.5294372464280533
AIG,0.00042947890320095756,0.012232102166367007,8233102.838449111,0,0.8742660103906881
AIV,0.0002815010318656019,0.011348043625205646,1197029.8432956382,2,0.9839694304359476
AIZ,0.0006552499748794054,0.01194822170334313,537473.5686591276,2,0.9847344624547171
AJG,0.00047493138651641696,0.00892706929222014,929974.2431340872,2,0.991576939730565
AKAM,0.000706337619518512,0.018816980229957033,2138110.4200323103,0,0.7934442862205298
ALB,0.0005482824720376404,0.016104203896084315,1169723.6211631664,2,0.8760820626123709
ALGN,0.001782688000186899,0.01877922016914562,888887.2447495961,0,0.9413038761755704
ALK,0.0008416973343050149,0.018485613692162957,1538327.0751211632,0,0.6866153576673066
ALL,0.0006231252012000144,0.009421689039041291,2389482.4022617126,2,0.9800824210919806
ALLE,0.0006630666262772686,0.012317392581177271,712900.1497120921,2,0.9842985416626949
ALXN,0.00048317300448294666,0.022748644163944738,1750240.4886914378,0,0.9932850954205755
AMAT,0.0011850861566235161,0.0164569402589645,13228573.302907916,3,0.9002786850720398
AMD,0.0019064925631311748,0.03377974180742684,32803420.671243943,1,1.0
AME,0.0005189292117466639,0.011083394699808253,1316288.7035541194,2,0.989836654983314
AMG,0.0003205696348045999,0.01564770011762976,453944.1704361874,2,0.8286054138010305
AMGN,0.000659647770844947,0.014810692218914167,3432067.4273021,2,0.6108736549280018
AMP,0.0007627517253796846,0.01436839695994039,1126256.1276252018,2,0.9609061651620885
AMT,0.0005541831431424464,0.011309268941794699,2273357.1882067854,2,0.9810684739823866
AMZN,0.001501932233210691,0.01659384700000216,3740493.841680129,0,0.9410627319775852
ANDV,0.0006602561063224448,0.019375600082549398,2596348.0807754444,0,0.9181404498786895
ANSS,0.0006184714654359518,0.012287960486851083,441447.14539579966,2,0.9807177409698555
ANTM,0.001171238101139235,0.013666231012206776,1877084.224555735,2,0.8967164166692658
AON,0.0007462710190841249,0.010306640456292622,1301168.0105008078,2,0.9914238449853857
AOS,0.0010957871582760272,0.01313769108882514,1260343.866720517,2,0.9598838708216318
APA,-0.00026084958891232636,0.020761956447570732,3824658.4555735057,0,0.9320196963257597
APC,-3.92953286809459e-05,0.020189531688345027,5001241.395799677,0,0.9656905844515599
APD,0.0005419487228088627,0.011582988434437528,1335612.3602584815,2,0.9886400384326299
APH,0.0007782841433936694,0.010638388435129336,1221894.0008077545,2,0.9909620863283831
APTV,0.0023827976615551747,0.012828874303513395,2257409.0434782607,1,0.8283102981614889
ARE,0.0004656812470196557,0.010567365516847468,528993.0436187399,2,0.9868086480084468
ARNC,0.0002802745830192669,0.02141893414736143,6831356.448303715,0,0.9385302800692049
ATVI,0.0014221477654604193,0.017357130053164173,7556652.918416801,0,0.8861812779200876
AVB,0.00025651319825359045,0.010425353915344342,767653.6397415185,2,0.9811894856074672
AVGO,0.0017431424497955064,0.019025103566548695,2843898.5920840064,0,0.9490383606186268
AVY,0.0008810242122265725,0.012012360023615455,758516.1688206785,2,0.985156907352633
AWK,0.0005852197541837134,0.009947864563608681,947227.7471728595,2,0.9921425599770153
AXP,0.00036848499122847634,0.011595699992575417,4765089.887722133,0,0.8074347465497839
AYI,0.0007761475492578978,0.018015227809457843,483843.4369951535,0,0.5991489630573964
AZO,0.0005884571882524636,0.01179786724765329,312539.18659127626,2,0.9811856047522515
BA,0.00125062501449574,0.012521008974660462,4160833.0840064622,0,0.9503506002893483
BAC,0.0008863476401687504,0.014852176371990097,92337126.00646204,3,1.0
BAX,0.00012506309438147466,0.011920425761141438,4112430.7528271405,2,0.5088393866020253
BBT,0.0004999046666100401,0.011659872478173513,4189225.4184168014,0,0.5046015661327032
BBY,0.0013327482607077173,0.022443130914158324,5584137.915185783,0,0.9731358375799792
BDX,0.0007907727816378059,0.010135853328568905,1079603.4830371568,2,0.9916552062506079
BEN,-7.222627602344861e-05,0.013826351539074718,2571200.3109854604,2,0.8557126502521106
BF.B,0.000587821165074458,0.010897901711412809,978983.4894991922,2,0.9906489874685928
BHF,0.0002701435292359425,0.01606600442963893,951998.438016529,2,0.8129385375213425
BHGE,-0.001327889745020078,0.018757562938684184,4109410.1984732826,1,0.6037685540167442
BIIB,0.0007484518933238416,0.02053650962107352,1652069.224555735,0,0.96601558263912
BK,0.00061756281368791,0.012263717471208531,5347880.192245557,0,0.9281166326996281
BLK,0.000710587105224809,0.012852270341008621,636575.718901454,2,0.9796102698030679
BLL,0.0005314780997230217,0.011895367294731845,2371968.4862681744,2,0.9758293838591369
BMY,0.00053734976363337,0.014401635611747184,8033568.523462784,0,0.9406543057478035
BRK.B,0.0005724063626205974,0.008729778794878768,3572199.611470113,2,0.7997053353878727
BSX,0.0011406432410453315,0.01506605708211056,10695109.438610662,0,0.5875633593292081
BWA,0.00041742770854646824,0.016450639997220663,1880367.6777059773,2,0.8071912305906499
BXP,0.00015251194408675845,0.011193796745293938,809560.071082391,2,0.9726907278870471
C,0.0004791615539099098,0.014054177015800497,20478346.090468496,3,0.9999993020240254
CA,0.0003241785144056659,0.011753840828831519,2760444.8554119547,2,0.958613601844896
CAG,0.0001422325452915649,0.012369290861395217,3319202.666397415,2,0.863616549157858
CAH,0.0003697285474206924,0.013250215323488952,2407228.147819063,2,0.960474854015574
CAT,0.0005270970124249146,0.013427954563014644,5405005.037156705,0,0.9413997553859956
CB,0.0004685137434996891,0.009023307788312668,1569459.3998384492,2,0.9907546187114478
CBG,0.0005525632932044931,0.01497845096039045,2259319.839256866,2,0.918122618243298
CBOE,0.0010142810775487972,0.011531480840473713,734148.810177706,2,0.984024613986153
CBS,0.00023264053886415495,0.014299952365016085,5473899.928109854,0,0.9861061722203767
CCI,0.0004005383683453509,0.010686235516859174,2429059.6744749597,2,0.9784304381201053
CCL,0.0006413732164216803,0.013814503345374391,4087447.678513732,0,0.6423063101869437
CDNS,0.0008850222777648514,0.013154093334879437,2897327.647819063,2,0.8668267699913926
CELG,0.0006155152311971839,0.018128641856172804,5308575.21647819,0,0.9901283126931981
CERN,0.0003606076202141661,0.013992272338119893,2042642.8368336025,2,0.959110348209999
CF,0.00022986575894280725,0.02171041982557069,4207915.018578352,0,0.9745323483088406
CFG,0.0009672580562927709,0.0157353964798618,5252380.581423402,0,0.9635443177335066
CHD,0.00040476384287259164,0.009380343718428519,1556126.3432956382,2,0.990129143842588
CHK,-0.0007482324173765095,0.034992081301056556,25140346.04927302,1,1.0
CHRW,0.0004749083302771604,0.01221101525499061,1585096.2528271405,2,0.9850793452197639
CHTR,0.0012772879469465385,0.01608212849084486,1565620.1252019387,2,0.5675744556699194
CI,0.0010566308835787662,0.01397055707563972,1629004.7084006462,2,0.933628583892395
CINF,0.00041126294865424486,0.009670612539022417,597158.957996769,2,0.9881065447745441
CL,0.00020724911323127392,0.00949183461880288,3290770.760904685,2,0.8998161773811367
CLX,0.00038256863092428733,0.009172113584760961,977637.1235864297,2,0.9900295480167925
CMA,0.0008839042120392631,0.0149534245147016,1919933.1066235865,2,0.9074272855422856
CMCSA,0.0006149600761770102,0.011645284872810309,24224882.24151858,3,0.9999999998869695
CME,0.0008331920343546504,0.011732460231822313,1604392.9911147011,2,0.9851637885808162
CMG,5.38630051143765e-05,0.017766576219321716,826790.8424878836,0,0.752530959086309
CMI,0.0004037222061630669,0.013807279037184934,1632269.5662358643,2,0.9705514918703436
CMS,0.0004077575147140665,0.009884445708032687,2349721.675282714,2,0.9815859800315629
CNC,0.0014101043819242215,0.019268615992347863,1584254.8182552503,0,0.9603625726981849
CNP,0.00022189131260524558,0.011312200025809247,3724442.7455573506,2,0.7719031938889022
COF,0.0005703235006370438,0.013321418439302629,3044127.237479806,2,0.8963175291757703
COG,-4.656471503139387e-05,0.020293882112752726,6055858.892568659,0,0.9563456067882918
COL,0.0007198574219620322,0.010971849943047137,1029116.6655896608,2,0.9908823924105717
COO,0.0007213403684867751,0.013145254294751028,455236.18093699514,2,0.973535547821652
COP,0.0001382806603389088,0.016655550666019085,7482631.714862682,0,0.9972891866180227
COST,0.000527932768761505,0.01028287969059185,2323044.337641357,2,0.9826531227279897
COTY,0.00021961794137014828,0.018978893696376953,2966526.4913194445,0,0.9214594541552479
CPB,0.00013879868789917104,0.011573902753760851,1767870.9071082391,2,0.976922670961054
CRM,0.0008775136640575523,0.01762533896763473,5043440.530694669,0,0.9862445542266698
CSCO,0.0005821729821535215,0.012001444596520444,28520540.101777058,3,1.0
CSRA,0.00039155253588740886,0.016291573077910824,1200465.898148148,2,0.8344500217312607
CSX,0.0007951203605091837,0.014980567847634668,7740915.386106623,0,0.9298041836832467
CTAS,0.0010814591723868681,0.010576346248022861,602546.3925686592,2,0.9841454527335484
CTL,-0.00041447715047396446,0.015904962008840257,6588399.3715670435,0,0.9985211658141362
CTSH,0.000653397425351896,0.014717516409736326,4424327.835218093,0,0.879293763235
CTXS,0.00029107028470203207,0.016070569877618433,1962733.8966074314,2,0.8283436205392309
CVS,0.0003568299008981382,0.01154320824364061,5617246.471728594,0,0.9153021758802453
CVX,6.080204103712549e-05,0.011629625614360472,7101821.380452342,0,0.9295278171895163
CXO,0.000655060341210498,0.02151742396298349,1448993.8457189014,0,0.9878046274736749
D,0.0002738438372151169,0.010071845176753884,2626281.60177706,2,0.9693859388222145
DAL,0.0011691803873394781,0.019349188076261858,10977277.285945073,0,0.5072117643217541
DE,0.0005445921374747921,0.012079321117934251,2996402.622778675,2,0.9355964721226762
DFS,0.0005776587154844711,0.012698326188329685,3053100.94184168,2,0.9135706601136282
DG,0.0007103724187787184,0.014740620092460285,3559075.5290791597,2,0.5196628318542413
DGX,0.000542659035507676,0.011340906902983287,1371176.4620355412,2,0.9893141625434863
DHI,0.0007122725088200245,0.017804558734013903,5346923.483037157,0,0.9899941017340852
DHR,0.00042516389186499206,0.010592404257640175,2905816.5155737703,2,0.9577302384015638
DIS,0.0005503000838257648,0.01080276567185726,7644103.6793214865,0,0.9367477882365455
DISCA,-0.0006540548659581752,0.01870701072912318,3091862.2253634897,0,0.8933527685916783
DISCK,-0.0006177426451862025,0.018138257513913084,1735064.691437803,0,0.8686105578060375
DISH,0.00035512479866978375,0.016453921981749355,2330939.7617124394,2,0.7428063706310679
DLR,0.00044724799272893433,0.013756668404032321,1421598.5121163167,2,0.9733008990347833
DLTR,0.0008030927308046325,0.013968796497549429,2523232.3481421648,2,0.9132267550017107
DOV,0.00035689948075166644,0.013962894167315344,1353167.7576736673,2,0.9673778934614459
DPS,0.0008660794866832847,0.010373952018677473,1385520.049273021,2,0.989393859427247
DRE,0.00041861053220019096,0.011639567360247507,2507124.0864297254,2,0.972723087230972
DRI,0.0006580166460586742,0.013471391475350727,1664817.3231017771,2,0.9750708116121103
DTE,0.00037113679245057667,0.009650400852826105,1044521.2584814216,2,0.9895301740957283
DUK,9.970415113048719e-05,0.00927272630453305,3116865.273828756,2,0.9095355972218445
DVA,0.0002854295276168142,0.012714772146035242,1436325.8239095316,2,0.9787933413184534
DVN,-3.726709941745251e-05,0.02171160141068663,5129388.36187399,0,0.9390321790791867
DWDP,0.00011514294127185454,0.009938022253451955,7726486.454545454,0,0.887273892730698
DXC,0.0012118633136707752,0.011255204516159856,1667742.8969072164,2,0.9551489265294846
EA,0.0017015836549588953,0.018461979389600324,3760635.3166397414,0,0.9336907468069744
EBAY,0.00017479293318402574,0.016774286011032136,10947953.952342488,0,0.9935205223915113
ECL,0.00048268306136708543,0.010135494917078445,1096391.9846526657,2,0.9911269287647559
ED,0.0002453760692688845,0.009498827099014891,1982806.104200323,2,0.9831721307504488
EFX,0.000712725824656733,0.012064850595472973,813298.6494345719,2,0.986497715905998
EIX,0.0001998650604582819,0.010721032505638484,2121254.215670436,2,0.978277559405072
EL,0.0006558382668873856,0.011684430509297551,1801389.3554119547,2,0.9861000072184523
EMN,0.00036184073811602077,0.014277863469809284,1381134.5008077545,2,0.9612768900345634
EMR,0.0002240656286436262,0.011920770402176149,3749076.6211631666,2,0.7465671350935543
EOG,0.0005768178242570109,0.017700121170124414,3884116.83279483,0,0.9410604303667477
EQIX,0.0006451442770751442,0.013496363944173596,740318.7649434572,2,0.9742609806020651
EQR,9.407505770450987e-05,0.010818208562683214,1912821.3602584815,2,0.9747124470696522
EQT,-4.632693557535176e-05,0.01886902164089375,1939718.1542810986,0,0.9038021034078453
ES,0.00029535365531191616,0.009961490105752778,1606080.3846780767,2,0.9871291686294725
ESRX,0.000280970195480863,0.01280106004261593,4374359.5726979,0,0.6649533012719042
ESS,0.00036664342774290776,0.010853277161062335,380986.68255250406,2,0.9788587742945967
ETFC,0.0014058261403981519,0.018227791176782165,3425945.220516963,0,0.9612723201324296
ETN,0.0003122770322523766,0.013834187248709384,2828166.828756058,2,0.9119217180977173
ETR,0.00017308307433518691,0.010847912558560826,1429151.443457189,2,0.981125165533407
EVHC,-0.0016748838217922597,0.02313020470198208,2287510.224637681,1,0.9987343997517386
EW,0.001058873127129917,0.01723996288960284,2075329.6373182551,0,0.5682124922935128
EXC,0.00017513982115522142,0.012569609835693892,6528468.457189014,0,0.952644945097667
EXPD,0.000456774218582604,0.01166836791446672,1371907.901453958,2,0.987426222746529
EXPE,0.0007967443527765368,0.019487414392498858,2303261.4919224554,0,0.919378391026052
EXR,0.000671824212878306,0.0125148040604327,932982.8279483037,2,0.9844994126316015
F,-7.018863904288289e-05,0.013612981706293822,34498459.4273021,3,1.0
FAST,0.0001413963268457537,0.01432685808245937,2448401.611470113,2,0.9050508531005155
FB,0.0016956808542190663,0.01765605539749924,34157120.67124394,3,0.9999999929375871
FBHS,0.0005783436785173121,0.014523562560458695,1326534.8966074314,2,0.9612352313804592
FCX,7.910099621513064e-05,0.02898954107634944,23697269.7003231,1,1.0
FDX,0.0007737663964185237,0.01254902387340901,1840408.6171243943,2,0.9787877268019847
FE,-0.0001417827188274882,0.01289235691249332,3915034.0315024233,0,0.5633902449713939
FFIV,0.00048350900509071677,0.01643581734029742,1135823.5379644588,2,0.8292870966878728
FIS,0.000818737288194087,0.011148908323964429,1565058.8982229403,2,0.987806945143367
FISV,0.0009552222268247543,0.009841152189501585,1068607.549273021,2,0.9889497964887581
FITB,0.0006585101306150517,0.013605176545482225,7406779.740710824,0,0.9162843880054111
FL,0.000532371883839391,0.017631338882740974,2458280.546042003,0,0.5406548239505757
FLIR,0.0005983648386612214,0.013801519826072476,945951.5872374799,2,0.9726453710986016
FLR,9.321362025112051e-05,0.016927009155507673,1501494.7140549272,2,0.5649394522550443
FLS,-7.805434486418485e-05,0.016483423477594017,1280230.1631663975,0,0.5068245050839361
FMC,0.0003883386004780991,0.015207783727411198,1158531.1502423263,2,0.9283154946427656
FOX,0.000228523736067886,0.01382303438489626,3598533.8850174216,2,0.6966330473302844
FOXA,0.0002429681310484088,0.014161676754660839,11823442.837979093,0,0.7451440190955058
FRT,9.807657996111654e-05,0.01055947355679196,421760.18093699514,2,0.9518601207887221
FTI,-0.00022939489514772212,0.018875877833957597,3005959.4515347336,0,0.9494960854472807
FTV,0.0011178828500556517,0.010311584411313674,1397667.4725848564,2,0.9780753762445474
GD,0.0009785164533608918,0.010590600278632371,1566272.52180937,2,0.9840600487250856
GE,-0.0002809475030018544,0.010902190058161738,42188398.74636511,3,1.0
GGP,0.00017792820445519515,0.013035320219151344,4730377.282714055,0,0.8643171473118537
GILD,0.0006341131012215357,0.016677352796290693,11198312.173667205,0,0.8982229900043038
GIS,0.0001980139529866077,0.00986811233972258,3315736.440226171,2,0.8959430380273922
GLW,0.0008002624908843365,0.013520618794243478,9360055.892568659,0,0.8016994544306043
GM,0.00044133582488795704,0.014660363016060331,15141036.51453958,3,0.9748400640380037
GOOG,0.0008376182749576236,0.012613143829748963,1785813.9371069183,2,0.9769793325870179
GOOGL,0.0008441642220449819,0.012567261179640854,2416573.821486268,2,0.9543225441858149
GPC,0.00029277520598993816,0.011165261269226553,748354.1607431341,2,0.980805786912961
GPN,0.0013284048492589555,0.014365936655405491,1396810.3756058158,2,0.807366434528763
GPS,0.00011547764729642781,0.018310934654647976,5147828.009693054,0,0.9886999408837082
GRMN,0.0005949964153235009,0.015506347102064872,1316854.3457189014,2,0.9240789833840873
GS,0.0005122288912039596,0.013081042001624322,3223602.534733441,2,0.8751915415766812
GT,0.0009325143362342582,0.01748258517152765,3579831.2988691437,0,0.9301096973525349
GWW,0.00020808438753564687,0.013373443516524423,632815.218901454,2,0.9542188925384828
HAL,0.00032186717856752317,0.01815641518546108,10675188.806138935,0,0.9662522410003118
HAS,0.0008277614839167569,0.013879502772692946,1297245.4329563812,2,0.9674182380527732
HBAN,0.0007162853905421302,0.01415878540931405,10270171.764943456,0,0.6950631961715338
HBI,0.0008039311310900451,0.017142397987169235,3967622.6324717286,0,0.9460167148374976
HCA,0.0009123458332562153,0.015768976021915574,3187003.388529887,0,0.560870426284661
HCN,-3.521429507922634e-05,0.011907353412234596,2151979.176898223,2,0.9528770496006009
HCP,-0.00048487165567781375,0.013386849614729454,3365027.901453958,0,0.7328352536739013
HD,0.000858532598809278,0.010440415262597837,5578529.219709208,0,0.9914233427571714
HES,-0.00013832816112377587,0.019491461505670892,3598650.6179321487,0,0.9636510818251856
HIG,0.0007135545208214776,0.012260620054811391,3220301.7431340874,2,0.8733058252006464
HII,0.0013436853379070004,0.013728988046793386,333501.72213247174,2,0.8660711335414834
HLT,0.0014618361112949793,0.0096476482861952,2479994.0823529414,2,0.5854762179311555
HOG,5.316961258375945e-05,0.015820915410184544,2148029.168012924,2,0.749951040868929
HOLX,0.0006026321065600751,0.014396786238892468,2730277.0646203556,2,0.8949834358905153
HON,0.0006337279764872759,0.009874547026736407,2985582.1316639744,2,0.9460097090674159
HP,0.0003066348934119882,0.02147736229362171,1776996.247980614,0,0.9819009657436363
HPE,0.0005895136618525748,0.02140406139053207,11630709.898214286,1,0.7318852215987859
HPQ,0.0009865923286587212,0.016432098218603017,12572075.798214287,3,0.7511735608825999
HRB,0.00011772823208762917,0.016956041681834108,2860303.4264943455,0,0.5976448925015981
HRL,0.0005058889797780471,0.01186738807468005,2091306.7382875606,2,0.9820245878903805
HRS,0.0010694503072992386,0.01161184031746831,801582.4814216478,2,0.9812123999890761
HSIC,0.00046101523045592366,0.010848423421119982,1030040.2625201938,2,0.9893009900070047
HST,0.00020608453398638637,0.014020868557074788,7598861.033117932,0,0.9819367530881027
HSY,0.0002006602306001097,0.010627641937126621,1135253.5145395799,2,0.9816248904212435
HUM,0.0012300318481454798,0.015163753359161864,1412421.7237479805,2,0.7901983461736379
IBM,-0.00018017626363945322,0.011063256901668136,4367977.59450727,0,0.7311197772133555
ICE,0.0007379020150984049,0.012820587316361461,3564846.6918085967,2,0.7049458643375865
IDXX,0.0012150306751791285,0.014229206284063035,717625.7285945073,2,0.8991466486783595
IFF,0.0005932769150934895,0.011387293534027294,445686.63489499193,2,0.9857050354226428
ILMN,0.0014422573486685265,0.02193498961851385,1346404.120355412,0,0.9965825574064991
INCY,0.0014894510597724304,0.027971189798335985,1581180.3949919224,0,0.9999935709416764
INFO,0.0007022347466192678,0.01194117233912902,1417507.697544643,2,0.9873131470059948
INTC,0.0006907028461626808,0.012981732335603928,29155818.386106625,3,0.9999999999999964
INTU,0.0008008590957625239,0.011772184110319278,1689956.4192245558,2,0.9848677354590101
IP,0.00028925206960618327,0.013609734388956357,3136276.441033926,2,0.8719354464816029
IPG,0.0004950946073276726,0.013515640864868428,4476965.6114701135,0,0.7899214848441225
IQV,0.0007938247318526078,0.012952320789547979,969841.4676870748,2,0.9804350000261176
IR,0.0005244043787003456,0.013479317032752694,2035474.381260097,2,0.9701763227442488
IRM,7.475663407610907e-05,0.01498758759500036,1660317.2148626817,2,0.880979383218852
ISRG,0.0008272019401358857,0.015493663000676465,1137479.217285945,2,0.9113247783120513
IT,0.0007685832468346599,0.012474875322344566,460827.9612277867,2,0.9805406990246248
ITW,0.0008291719237939263,0.009639830840552128,1683700.7843295638,2,0.9880939857528886
IVZ,0.00026480206303272906,0.014890747209203069,3314608.283521809,2,0.6995578137786037
JBHT,0.0005087390130635494,0.01189595107607621,890729.2964458804,2,0.9860961399564162
JCI,0.00017431081803926117,0.012551717217517052,3741215.7617124394,2,0.7151046207530292
JEC,0.00030430924345482705,0.014389460085154116,1026765.7495961228,2,0.9506724989837991
JNJ,0.00045789111152853606,0.008414850163835462,7580571.413570275,0,0.9901168985844644
JNPR,0.00032198969561525654,0.016889913390368952,5796323.26898223,0,0.9957043478807426
JPM,0.0007325454920515426,0.0120916410498014,16472685.97253635,3,0.9979296920769813
JWN,0.00010052497222897975,0.016934162623927513,2289406.5904684975,2,0.5244901689005571
K,9.077965403210795e-05,0.010129969453392392,2059228.7964458806,2,0.9731151884059184
KEY,0.000731414888752889,0.01470965229422194,11572091.508077545,3,0.5480336403334783
KHC,-5.896732101858888e-05,0.011793670678191459,3242243.361198738,2,0.8408272361806005
KIM,-0.0002506461546712301,0.012244963843916455,3401721.658319871,2,0.6428676510593019
KLAC,0.000651951035498093,0.014996966937239347,1537360.6558966073,2,0.9443279103965834
KMB,0.00019670804103685092,0.009627687735988431,1785530.437802908,2,0.9827458740852714
KMI,-0.00043745722856160495,0.016259437486951463,13684924.39095315,0,0.9972296556213758
KMX,0.000536123996399397,0.017099540963468454,2022582.379644588,2,0.6825303097670968
KO,0.00014043365047321615,0.008333216955534482,13705846.909531502,3,0.6950255807719699
KORS,0.00041374499074444966,0.020897385695357235,3380496.2439418416,0,0.9827641300220955
KR,0.0006272683584932062,0.014115399247810056,8846022.697899839,0,0.8739962762316424
KSS,0.0004572020007434291,0.018925089206944787,3414086.399838449,0,0.9483511854307359
KSU,0.00015105560090130252,0.01588815187764701,1251314.0888529888,2,0.8068391926270709
L,0.00011014789657917542,0.00919270333234398,1065447.3416801293,2,0.9758164753152241
LB,0.0002486512847375057,0.017502448314990354,2526236.8546042005,0,0.5795931621981233
LEG,0.0003579793600558665,0.01174438110052529,981669.9757673667,2,0.9839323922168459
LEN,0.00047333393405489576,0.016788336784717944,3423346.3691437803,0,0.6938407518141543
LH,0.000588258021261971,0.011279998973149517,887224.6340872375,2,0.9893539281713017
LKQ,0.0006272352635045899,0.014803392648199592,1845292.3949919224,2,0.9445807563786659
LLL,0.0008780307541595529,0.011444021647409089,649311.1066235864,2,0.9875223010871529
LLY,0.0003546012939948794,0.012066200548324121,4658026.26898223,0,0.7761407040663225
LMT,0.0011334806389581686,0.009623263344949446,1501905.6340872375,2,0.9745590900855367
LNC,0.0008530829839985534,0.016438400440515036,2006152.239095315,2,0.7497286957648615
LNT,0.0008111231120582552,0.014098987211974438,1234249.3239095316,2,0.9644064995499784
LOW,0.0008364919580272903,0.012855814161586798,5863812.770597738,0,0.9483369652433159
LRCX,0.0012830409625925814,0.01656145505386389,2216728.660743134,0,0.6661449736650518
LUK,5.26125965092864e-05,0.013654939651659757,1665205.6138933764,2,0.9433641729771868
LUV,0.0014036585769029572,0.016625084400592387,6809791.873990307,0,0.9225725478508504
LYB,0.0005969523048003234,0.01627142099126172,3463259.9749596124,0,0.6345174809724167
M,-0.00020723764703052273,0.0187194168268201,6352963.265751212,0,0.9796580078373509
MA,0.0010145617063000113,0.011890355976894182,4573407.078352181,0,0.9475211952640765
MAA,0.00027035653670449635,0.011014729663844716,605766.6599353796,2,0.9773970763068861
MAC,7.070615479471169e-05,0.012961822868135795,1175187.2342487883,2,0.9586902935070329
MAR,0.0010954453086538599,0.012604212589526367,2653256.0339256865,2,0.8570078975143397
MAS,0.0007553246634219792,0.01567516279112934,3928636.8747980613,0,0.8182924830624446
MAT,-0.0005189176882472321,0.017423147548002546,4832659.621163166,0,0.9839235176757901
MCD,0.00046086827481913985,0.008738053798592382,5149724.579159935,0,0.9670012705659455
MCHP,0.0007690350931635879,0.014127340460034032,2216124.0315024233,2,0.9393913931615583
MCK,0.00040365131527115455,0.01451134517385759,1566235.054927302,2,0.956851246695522
MCO,0.0009996346093832536,0.012564643777321024,1045085.2156704362,2,0.9774813290237877
MDLZ,0.00044029432271267254,0.012397799492947576,8863486.70355412,0,0.840348422218987
MDT,0.0005222373003986703,0.010883754652333006,5675260.210016155,0,0.9432842718899899
MET,0.0002531939222117719,0.014935827604442842,6408013.6680129245,0,0.9945196625349321
MGM,0.0010265461745920567,0.01894724047136721,8680147.585621972,0,0.9182124133989032
MHK,0.0008050051864719056,0.01399572620117809,677289.830371567,2,0.9628546486219982
MKC,0.00036289962292522613,0.010023107447083882,713218.8384491114,2,0.9867251386313035
MLM,0.0007616826552067594,0.01713949340731706,720406.7924071082,2,0.6762240605544091
MMC,0.0006899386904968609,0.009006883047971,2049602.4612277867,2,0.985485596325357
MMM,0.0006865442313729177,0.009050034218501705,2300742.1833602586,2,0.9801931165546208
MNST,0.0013246309498464958,0.017129076191827592,3722892.51453958,0,0.9515112472870675
MO,0.000592453157542709,0.009682129491369887,7119747.981421648,0,0.981568323070567
MON,0.0001884698622557974,0.010744880397044704,3034549.2689822293,2,0.9349637486695968
MOS,-0.0005098116828496579,0.018471101213398546,4388908.005654281,0,0.9596662948311827
MPC,0.000559055577583916,0.020175927822259642,5858636.393376414,0,0.9780217055484878
MRK,0.0002929119310367992,0.012070864518515544,11225353.067851374,0,0.5372758127983838
MRO,-0.00014483230210471062,0.02512230137034088,11776595.712439418,1,0.9924262420833366
MS,0.000826772498473784,0.015377990877941899,11951184.677705977,3,0.6295595295407059
MSFT,0.001045844399868525,0.01314627441434801,33774725.217285946,3,1.0
MSI,0.0004737669731838844,0.011353764842843683,1537293.0670436188,2,0.9882522955365446
MTB,0.0005412463817425202,0.011573880586366847,829901.9927302101,2,0.9875050874254362
MTD,0.0009620155305692808,0.012677228168549168,170187.1801292407,2,0.9693183206253211
MU,0.001591685651694083,0.025992268583906693,30262480.021001615,1,0.999999762037575
MYL,0.0004547928735226394,0.01998616881370967,5753590.73263328,0,0.9794415092300944
NAVI,9.724152947168512e-05,0.01944622214527138,3163375.162939297,0,0.9591714650303682
NBL,-0.00035709144308296076,0.020168466923497566,3818301.346526656,0,0.9270092814430007
NCLH,0.0006950663159637785,0.018090351166454424,1467692.9628432957,0,0.53388163212014
NDAQ,0.0007812358658199382,0.011611429747272934,1105175.720516963,2,0.9887088134112636
NEE,0.0006127614556565073,0.009996419158893759,2043522.711631664,2,0.9872746761367697
NEM,0.00027907730367057867,0.023867107465944455,7751018.944264944,0,0.7690410029205138
NFLX,0.0022504497552281785,0.024821341637775454,15942824.791599354,1,0.9999638069640701
NFX,0.0005053975065817513,0.02525393994116024,3103988.1615508883,0,0.9963650350930044
NI,0.00018496523214984946,0.013227764005603377,2498915.0250403876,2,0.9464540644648155
NKE,0.0008052066535617302,0.01297493251991881,8425089.830371566,0,0.8848993989023222
NLSN,0.0001556190931150925,0.012723427541494935,2533763.622778675,2,0.9511261211136052
NOC,0.0013775130636213377,0.010338392359128897,1135201.063812601,2,0.9398271527680607
NOV,-0.0003543118332581255,0.018642115545851472,4331656.805331179,0,0.9682385158331221
NRG,0.0003279094386626374,0.02227939622523839,5103466.950726979,0,0.968790121051058
NSC,0.0006388095683619873,0.01433198654024739,1872758.4022617124,2,0.9571197784188176
NTAP,0.0005524717025505772,0.01549909333086187,3891843.395799677,0,0.7165504847728912
NTRS,0.000576986817760153,0.012438401604958462,1228525.7180936995,2,0.9854049522736932
NUE,0.00035442073367236433,0.015483764132041805,2392607.8004846526,2,0.8637176776590175
NVDA,0.002581973036823406,0.019971833473796094,10439928.553311793,1,0.9982351900432792
NWL,0.00039186223810613787,0.01629871961235713,3395363.2180936993,0,0.5776781250337641
NWS,0.0001462963242374968,0.013987337461915349,969755.018292683,2,0.9408259294018674
NWSA,0.0001475478858000536,0.014397666855811318,3238849.0104529615,2,0.7571426193607504
O,0.00017272357353675946,0.012824669793571756,1957325.0573770492,2,0.9688473860311495
OKE,0.00045705754716041005,0.020293835485557632,2319280.1518578352,0,0.9600672128979952
OMC,0.00025950742224578426,0.010944669380930992,1689355.9539579968,2,0.9841674614074497
ORCL,0.0003353988686320217,0.012148114178159378,15990090.577669904,3,0.9961817894789091
ORLY,0.0008236052463331558,0.013409964004087447,836232.2213247173,2,0.9740580019370134
OXY,-3.5469545094403434e-05,0.013474561735222062,4564130.7584814215,0,0.8736071617500045
PAYX,0.0005734662973960864,0.00971587677697695,2161334.551696284,2,0.9858236185534013
PBCT,0.00036049091324618797,0.010722043968415609,3369466.459612278,2,0.8975816569183335
PCAR,0.0003418714348103297,0.013455352342415282,1941165.306946688,2,0.9698206255632975
PCG,7.96547104256361e-06,0.011177426592007619,3105963.450726979,2,0.8960432907607858
PCLN,0.0009050000954620711,0.015054578584556857,628927.6243941842,2,0.9170301471684346
PDCO,1.6288498120529213e-05,0.012216616209515037,974736.9798061389,2,0.9567051497027564
PEG,0.0003678921059038526,0.011116010759583931,3128736.2423263327,2,0.933158700067767
PEP,0.00035047078092401255,0.008109152109191328,4485544.0549273025,0,0.7902869965445225
PFE,0.0002311516372636006,0.01000729143989154,28226026.954765752,3,0.9999999999999973
PFG,0.0006193759333207725,0.013597160946814839,1351447.8117932149,2,0.9763153017836239
PG,8.602713820392147e-05,0.008435982898303036,8971733.409531502,0,0.9086011414316465
PGR,0.000667094611846243,0.009621702051081642,3372914.056542811,2,0.8697144368585784
PH,0.0005986197708362628,0.012923875134110268,1165009.7140549272,2,0.9824569075037916
PHM,0.0004851092158798634,0.017220271106463455,6258022.735056543,0,0.994064203495846
PKG,0.0009266898263459433,0.014821628095178667,951872.2415185784,2,0.9329654015154424
PKI,0.0006891418209678043,0.012206755798929993,782637.8352180937,2,0.9855424963161292
PLD,0.0004205463828900436,0.011585411674439602,2721544.831987076,2,0.9638998200630488
PM,0.00011875246452300337,0.009769863473179862,4629110.814216478,0,0.740429192046871
PNC,0.0007663635854106362,0.011673133577168933,2378045.778675283,2,0.9714457813995551
PNR,0.0003447799412153753,0.014463935914320773,1279406.1978998384,2,0.9551292695362147
PNW,0.00027679563855087714,0.010041769186132754,821375.8327948303,2,0.9839218255503681
PPG,0.0004878078305861896,0.011881653332579291,1559249.638933764,2,0.9866409790514772
PPL,5.87856556299472e-05,0.010268526701407633,4436354.51453958,0,0.6397138910214674
PRGO,-2.8687866912679275e-05,0.018413917759705207,1529894.1300484652,0,0.852377649599556
PRU,0.0006086895129667786,0.014329859715469014,2409218.0428109854,2,0.9322691932091983
PSA,0.00024097744790686692,0.01080304920633806,734203.4660743134,2,0.9786851676260125
PSX,0.0004221330266448928,0.014473541639022206,3240431.1542810984,2,0.7878434786779648
PVH,0.0003291226078856386,0.016847364170124186,1028918.9111470113,2,0.7033318125977183
PWR,0.00029934409443999396,0.016562234269874306,2082134.2730210016,2,0.742858488352296
PX,0.0002776004630999039,0.009674267926835345,1322059.5743134087,2,0.987203028183795
PXD,0.0005110144639031477,0.02131594614577258,1901334.1373182551,0,0.9833787100735761
PYPL,0.0011753705971956547,0.016187599267376944,8592856.33280757,0,0.8729896764269344
QCOM,0.00011391754276842175,0.01436866353280321,11107494.316639742,0,0.9431630062645793
QRVO,0.0005475298221855511,0.025185002878438157,1809360.5855263157,0,0.9985417739721372
RCL,0.001261261531569344,0.01807609439445093,2055966.6631663975,0,0.8643851914179789
RE,0.0005954569929007862,0.010237365089608362,343028.02019386104,2,0.9888488989788541
REG,0.0001401247448768107,0.011430119584309282,703964.3893376413,2,0.9682318841997596
REGN,0.0008003755725316343,0.02196417323665254,879890.5650767987,0,0.9940802678323609
RF,0.0008025202010511866,0.015622665700133574,16405813.369951535,3,0.9985165141779725
RHI,0.0004829654392170199,0.015164633985837476,1068828.2285945073,2,0.9361907179777588
RHT,0.0008557850882504854,0.015488779880880666,1672384.5105008078,2,0.8942384850454775
RJF,0.0006491471135642809,0.014118692144091043,792386.8392568659,2,0.9655107872427384
RL,-0.00022304541705707806,0.016237246859574124,1094009.8723747982,0,0.656364415253829
RMD,0.0007280008850320315,0.014271561117409253,963205.5969305331,2,0.9633357629539012
ROK,0.0006943556618964999,0.013245439332878481,906461.5751211632,2,0.9785089025688269
ROP,0.0006673514064001585,0.010652437790542608,461066.5928917609,2,0.9895762834165994
ROST,0.0009244038345625958,0.013290068578596508,3035298.6857835217,2,0.8031718621449941
RRC,-0.001072780208859366,0.025270811026915977,3890669.897415186,1,0.9472187182986564
RSG,0.0006136076715648129,0.008382318523359278,1463435.8190630048,2,0.9907718993988588
RTN,0.0011075447301653173,0.010520753203527279,1725097.204361874,2,0.9716883120126671
SBAC,0.0007562099664584157,0.012685547587734061,1161018.8764135703,2,0.9833372295594957
SBUX,0.0005771649688659148,0.011714011585502471,9193838.10339257,0,0.8399915433479563
SCG,-0.00013561841821225918,0.012484627069682083,1024176.7269789984,2,0.9161722087665903
SCHW,0.0010286697230973657,0.01687117735492228,8151061.004038773,0,0.938074929004716
SEE,0.0006555316372571383,0.014610340395073449,1992038.1138933764,2,0.9444359589892941
SHW,0.0007953447875134431,0.012307051213148276,710340.3675282714,2,0.9841659961807414
SIG,9.18254311234469e-05,0.019637967313838083,1247916.336025848,0,0.9365534861787924
SJM,0.00023853494262524684,0.010982680085117737,834169.0783521809,2,0.9796942160172403
SLB,1.6942321018360567e-05,0.013748649094950554,7315858.248788368,0,0.9922718835599451
SLG,0.00014716120685816749,0.011646254858634509,744991.5726978999,2,0.9692944966784113
SNA,0.0006459780510401767,0.011778607199743885,422192.8287560582,2,0.9841970297270152
SNI,0.00035140766961725203,0.013500907220049877,1145240.056542811,2,0.9730617727322691
SNPS,0.000775533537669422,0.010548457909541733,799686.2294022617,2,0.9912575404840965
SO,7.420893679114057e-06,0.008936327769538198,5055043.110662359,0,0.8718480384467856
SPG,3.7199471805420044e-05,0.011244405657612304,1462599.6445880453,2,0.9710203620430246
SPGI,0.0011549354954712469,0.012000357570758199,1278589.0080775444,2,0.968433583134425
SRCL,-0.00012890842514897007,0.012552696027516335,693340.710016155,2,0.8930544595821384
SRE,0.0002780810171106928,0.010280300676822313,1219694.1486268174,2,0.9861985747660295
STI,0.000782633659945572,0.01352038097790479,3667984.4184168014,2,0.5536152425941289
STT,0.0005573159507287495,0.013740597252865252,2396199.0315024233,2,0.9520308423418671
STX,0.0006310991077019982,0.022149996284316572,4482729.315831987,0,0.9850316891198329
STZ,0.0013727670203364081,0.01256137829046097,1449659.169628433,2,0.8889523555770481
SWK,0.0006370491147839395,0.011247670769189953,1143644.0468497577,2,0.9902069191002302
SWKS,0.0015000421843920407,0.020978495075594027,3160801.1873990307,0,0.9872601021309233
SYF,0.0005834868549998864,0.015828643853388853,6027717.846597463,0,0.9887544697666899
SYK,0.0007372097370555538,0.010182174941786953,1362286.5888529888,2,0.9914028868896676
SYMC,0.00020484451532106523,0.014810411337187336,6862059.193861066,0,0.9947738905860462
SYY,0.0005085020742271646,0.010128764892576718,3705231.214862682,2,0.787017692456776
T,5.8080507558817295e-05,0.009539276987815488,25342909.707592893,3,0.9999999999778995
TAP,0.0004630451713914021,0.013359191120491129,1616998.7617124394,2,0.977148933933825
TDG,0.0006702259620398695,0.014004436918484709,515342.8222940226,2,0.96150358338164
TEL,0.0007773620190707014,0.012042125545466449,1770663.9515347334,2,0.9831035977346535
TGT,0.00017283021941484508,0.013335330494581368,5662002.848949919,0,0.9753417486525909
TIF,0.00045847370383346816,0.015318878509895715,1484359.3497576737,2,0.9295955738144712
TJX,0.0005051336928783035,0.01179161438621764,3639710.6268174476,2,0.7930955664222619
TMK,0.0006576558385483163,0.009163724669249055,609556.5436187399,2,0.9920348797959508
TMO,0.0008771126411605383,0.011842326809077751,1793902.2875605817,2,0.9808672524264749
TPR,0.00015761192671703687,0.01583851367379294,4081564.259289176,0,0.8425981559241309
TRIP,0.00016274866282479347,0.02371354236853746,2322077.4604200325,0,0.9861304394729717
TROW,0.0003598546513283391,0.01189141585199636,1510804.3021001616,2,0.9848095701771143
TRV,0.0004945197743302329,0.009134266377190902,1859212.1050080776,2,0.9891399266007012
TSCO,0.0003419112281334723,0.01510632319211548,1412392.598546042,2,0.9309962422175229
TSN,0.0010469461811204383,0.01525183430909885,3753821.4127625204,0,0.8363908055028637
TSS,0.0011050334378079462,0.012438050576181709,1275516.998384491,2,0.9692592926418131
TWX,0.0005058048800709622,0.012119968408555675,5192135.592084006,0,0.9097399249708714
TXN,0.000944224775328769,0.01254940016495276,5955244.037964459,0,0.9663877613045649
TXT,0.000647809127051614,0.015304521091992726,1914763.3441033927,2,0.9183137637097586
UA,-0.0021136489285078714,0.02644640505613932,3408712.41986456,1,0.9999959785956011
UAA,0.00038840386142413396,0.02245986942495546,5653735.899030695,0,0.9619618559496946
UAL,0.0008977415373814832,0.023006516721612084,5303011.900646203,0,0.9822565848387559
UDR,0.00032966906490936656,0.010912958572198152,1638835.9402261712,2,0.9864559823316825
UHS,0.0006741051213247263,0.01572974189913984,815850.1526655897,2,0.8997235431365793
ULTA,0.0009343691241068655,0.01866531231978431,1005247.3142164781,0,0.7560131826256086
UNH,0.0012336982617048475,0.012045913433571661,3986537.950726979,0,0.9074427810754949
UNM,0.0006035737182248698,0.013156683696686567,1594129.1033925686,2,0.979489139208436
UNP,0.0005853658860143366,0.012598943008239837,4269366.373990307,0,0.6366704618477118
UPS,0.00027545085324095787,0.00912400758573607,3017966.94911147,2,0.9419573979048519
URI,0.0012267780210143617,0.022475101915141873,1886794.598546042,0,0.997138472867254
USB,0.0004328872796204022,0.01002201937873984,7100345.651050081,0,0.9488781946881822
UTX,0.00033775695856692466,0.009753613260922705,3809781.670436187,2,0.7459546684826385
V,0.0009609758839775358,0.011921263786582315,10054659.613893377,0,0.9041557811310311
VAR,0.0004618918171928692,0.01193393418048541,772392.3473344103,2,0.9840689493820504
VFC,0.0006867607210768472,0.012661960337136305,2386866.5791599355,2,0.9653814810728422
VIAB,-0.0003576797609741408,0.017960742991441327,3846901.281098546,0,0.9697756590289068
VLO,0.0007499651443862326,0.017468777428422635,6393028.348949919,0,0.9885878193434093
VMC,0.0008387098796326504,0.016523669253188645,1054517.9054927302,2,0.8027973347225161
VNO,-0.000100946114780634,0.011564827079387772,898359.1647819063,2,0.9361044377620702
VRSK,0.0004355907091786499,0.01056016856568298,862536.450726979,2,0.9887511241958528
VRSN,0.0007664592671023878,0.012050805664387742,1108644.249596123,2,0.9869900168178863
VRTX,0.001335725276498084,0.026357981386536916,1863848.2740501212,0,0.999920619388006
VTR,-0.00013897055227785114,0.012548788701936353,2125723.4684975767,2,0.9194147659473053
VZ,0.0001067247709635476,0.009916695871954373,16145175.68901454,3,0.9943165276176106
WAT,0.0006963260877643319,0.012103671581004798,502691.5799676898,2,0.9837181202308961
WBA,0.0005640570085185215,0.014416228491623486,5423800.3037156705,0,0.9648698955605296
WDC,0.0006835343143892918,0.020241740531296775,3379613.8368336027,0,0.9827291813486371
WEC,0.00034965149279576554,0.010160586003381699,1785143.3602584815,2,0.9874454824684299
WFC,0.0004269791997072753,0.011245317486172779,18427111.013731826,3,0.9999221712296769
WHR,0.00045061442932319007,0.016656209805543273,972028.3408723748,2,0.7783224084163455
WLTW,0.0007005186786425444,0.010772057030670973,768691.0256410256,2,0.9909259549325099
WM,0.0006791178432882647,0.008292650588551163,2002925.668012924,2,0.9843569650668298
WMB,0.00032055032100900785,0.022363707135345606,7995575.089660743,0,0.8345647614915755
WMT,0.0003366939688544822,0.009912507156669909,8142341.86187399,0,0.9173923080477677
WRK,0.00033526351390080443,0.018061218966169447,1712070.0734375,0,0.586278972496403
WU,0.00033872162995699667,0.0135850261914722,5259375.680936995,0,0.9558582014015746
WY,0.00018647302577828344,0.012255261619358358,4258447.962035541,0,0.5605321622470176
WYN,0.0006099844258620632,0.013203628596741339,1144019.3150242327,2,0.980237422599353
WYNN,0.0006547118411680031,0.022927933410687436,2457769.0686591277,0,0.9947542174483927
XEC,0.0005546159231387904,0.020871881018930616,1126550.6793214863,0,0.9758818004285288
XEL,0.0003575696049026286,0.009526203564970148,3067691.9693053314,2,0.9426874757141539
XL,0.0003549633312092999,0.011126872610743346,2221186.6308562197,2,0.9808367282395247
XLNX,0.0005682654093988751,0.014159493302017566,3048343.0323101776,2,0.8536496218783708
XOM,-5.7653982570128205e-05,0.010058774543533927,12401886.878029078,3,0.6654671898675124
XRAY,0.00031721974371739674,0.011120162634960533,1211528.0395799677,2,0.985787491636734
XRX,7.227561711219866e-05,0.01620175859235361,2378162.6470113085,2,0.6614206379480099
XYL,0.0008314578936198412,0.012731931867294065,1185316.005654281,2,0.9816649796396826
YUM,0.0002833286600996593,0.01361088590559975,3195354.8311793213,2,0.8587115295583925
ZBH,0.00046399242079856595,0.012208971346943065,1303885.8037156705,2,0.9855115603810919
ZION,0.0007374823735762097,0.015569171223456277,2628157.034733441,2,0.7888921747788924
ZTS,0.0007218343901142554,0.012969630819512993,3712979.9006462037,2,0.6143258507082128
